﻿<?xml version="1.0" encoding="utf-8"?>
<AppModuleSiteMap xmlns:xsi="http://www.w3.org/2001/XMLSchema-instance">
  <SiteMapUniqueName>dhms_InitiativeAllocationManagement</SiteMapUniqueName>
  <EnableCollapsibleGroups>True</EnableCollapsibleGroups>
  <ShowHome>True</ShowHome>
  <ShowPinned>False</ShowPinned>
  <ShowRecents>True</ShowRecents>
  <SiteMap IntroducedVersion="7.0.0.0">
    <Area Id="area_e6111475" ResourceId="SitemapDesigner.NewTitle" DescriptionResourceId="SitemapDesigner.NewTitle" ShowGroups="true" IntroducedVersion="7.0.0.0">
      <Titles>
        <Title LCID="1033" Title="Area1" />
      </Titles>
      <Group Id="group_e6b0e187" ResourceId="SitemapDesigner.NewGroup" DescriptionResourceId="SitemapDesigner.NewGroup" IntroducedVersion="7.0.0.0" IsProfile="false" ToolTipResourseId="SitemapDesigner.Unknown">
        <SubArea Id="subarea_c8ea280d" Icon="/_imgs/imagestrips/transparent_spacer.gif" Entity="dhms_initiativetracker" Client="All,Outlook,OutlookLaptopClient,OutlookWorkstationClient,Web" AvailableOffline="true" PassParams="false" Sku="All,OnPremise,Live,SPLA" />
        <SubArea Id="subarea_99a5a8c7" DescriptionResourceId="Dashboards_Description" Icon="/_imgs/imagestrips/transparent_spacer.gif" Url="/workplace/home_dashboards.aspx" DefaultDashboard="ec2c0ffe-c06b-ef11-a671-001dd802038b" Client="All,Outlook,OutlookLaptopClient,OutlookWorkstationClient,Web" AvailableOffline="true" PassParams="false" Sku="All,OnPremise,Live,SPLA" ToolTipResourseId="DashboardTooltip">
          <Titles>
            <Title LCID="1033" Title="Initiative Grant Dashboard" />
          </Titles>
        </SubArea>
      </Group>
    </Area>
  </SiteMap>
  <LocalizedNames>
    <LocalizedName description="Initiative Allocation Management" languagecode="1033" />
  </LocalizedNames>
</AppModuleSiteMap>