﻿<?xml version="1.0" encoding="utf-8"?>
<savedqueries xmlns:xsi="http://www.w3.org/2001/XMLSchema-instance">
  <savedquery>
    <IsCustomizable>1</IsCustomizable>
    <CanBeDeleted>0</CanBeDeleted>
    <isquickfindquery>0</isquickfindquery>
    <isprivate>0</isprivate>
    <isdefault>1</isdefault>
    <savedqueryid>{e9dd851d-694b-4eae-9e47-533fcfbf250c}</savedqueryid>
    <layoutxml>
      <grid name="dhms_contracts" jump="dhms_name" select="1" icon="1" preview="1">
        <row name="dhms_contract" id="dhms_contractid">
          <cell name="dhms_contractfor" width="112" />
          <cell name="dhms_contractinfo" width="132" />
          <cell name="dhms_contractcomments" width="153" />
        </row>
      </grid>
    </layoutxml>
    <querytype>2</querytype>
    <fetchxml>
      <fetch version="1.0" mapping="logical">
        <entity name="dhms_contract">
          <attribute name="dhms_contractid" />
          <filter type="and">
            <condition attribute="statecode" operator="eq" value="0" />
          </filter>
          <attribute name="dhms_contractinfo" />
          <attribute name="dhms_contractcomments" />
          <attribute name="dhms_contractfor" />
        </entity>
      </fetch>
    </fetchxml>
    <IntroducedVersion>1.0.0.0</IntroducedVersion>
    <LocalizedNames>
      <LocalizedName description="Contract Associated View" languagecode="1033" />
    </LocalizedNames>
  </savedquery>
</savedqueries>