﻿<?xml version="1.0" encoding="utf-8"?>
<forms xmlns:xsi="http://www.w3.org/2001/XMLSchema-instance">
  <systemform>
    <formid>{2647bede-f827-41c1-bbd9-c8a2688e084f}</formid>
    <IntroducedVersion>1.0.0.0</IntroducedVersion>
    <FormPresentation>1</FormPresentation>
    <FormActivationState>1</FormActivationState>
    <form>
      <tabs>
        <tab verticallayout="true" id="{517eaf8e-a145-4a8e-a65b-0aea12bbbf78}" IsUserDefined="1">
          <labels>
            <label description="" languagecode="1033" />
          </labels>
          <columns>
            <column width="100%">
              <sections>
                <section showlabel="false" showbar="false" IsUserDefined="0" id="{53d5075b-5e3b-45d6-9fa4-118323ce4e36}">
                  <labels>
                    <label description="GENERAL" languagecode="1033" />
                  </labels>
                  <rows>
                    <row>
                      <cell id="{6f1f891b-a608-4cfc-b815-31b7f4b34fe5}">
                        <labels>
                          <label description="Name" languagecode="1033" />
                        </labels>
                        <control id="dhms_name" classid="{4273EDBD-AC1D-40d3-9FB2-095C621B552D}" datafieldname="dhms_name" />
                      </cell>
                    </row>
                    <row>
                      <cell id="{3f0e35d9-5062-4946-857c-a752fa1316b9}">
                        <labels>
                          <label description="Owner" languagecode="1033" />
                        </labels>
                        <control id="ownerid" classid="{270BD3DB-D9AF-4782-9025-509E298DEC0A}" datafieldname="ownerid" />
                      </cell>
                    </row>
                  </rows>
                </section>
              </sections>
            </column>
          </columns>
        </tab>
      </tabs>
    </form>
    <IsCustomizable>1</IsCustomizable>
    <CanBeDeleted>1</CanBeDeleted>
    <LocalizedNames>
      <LocalizedName description="Information" languagecode="1033" />
    </LocalizedNames>
  </systemform>
</forms>