﻿<?xml version="1.0" encoding="utf-8"?>
<RibbonDiffXml xmlns:xsi="http://www.w3.org/2001/XMLSchema-instance">
  <CustomActions>
    <HideCustomAction HideActionId="dhms.AccessChecker.OpenDialog.dhms_initiativetasks.Button.Hide" Location="AccessChecker.OpenDialog.dhms_initiativetasks.Button" />
    <HideCustomAction HideActionId="dhms.AIBuilder.dhms_initiativetasks.Flyout.Hide" Location="AIBuilder.dhms_initiativetasks.Flyout" />
    <HideCustomAction HideActionId="dhms.Mscrm.Form.dhms_initiativetasks.Activate.Hide" Location="Mscrm.Form.dhms_initiativetasks.Activate" />
    <HideCustomAction HideActionId="dhms.Mscrm.Form.dhms_initiativetasks.Assign.Hide" Location="Mscrm.Form.dhms_initiativetasks.Assign" />
    <HideCustomAction HideActionId="dhms.Mscrm.Form.dhms_initiativetasks.Close.Hide" Location="Mscrm.Form.dhms_initiativetasks.Close" />
    <HideCustomAction HideActionId="dhms.Mscrm.Form.dhms_initiativetasks.CopySelected.Hide" Location="Mscrm.Form.dhms_initiativetasks.CopySelected" />
    <HideCustomAction HideActionId="dhms.Mscrm.Form.dhms_initiativetasks.Deactivate.Hide" Location="Mscrm.Form.dhms_initiativetasks.Deactivate" />
    <HideCustomAction HideActionId="dhms.Mscrm.Form.dhms_initiativetasks.Delete.Hide" Location="Mscrm.Form.dhms_initiativetasks.Delete" />
    <HideCustomAction HideActionId="dhms.Mscrm.Form.dhms_initiativetasks.Flows.RefreshCommandBar.Flows.Hide" Location="Mscrm.Form.dhms_initiativetasks.Flows.RefreshCommandBar.Flows" />
    <HideCustomAction HideActionId="dhms.Mscrm.Form.dhms_initiativetasks.Flows.RefreshCommandBar.Hide" Location="Mscrm.Form.dhms_initiativetasks.Flows.RefreshCommandBar" />
    <HideCustomAction HideActionId="dhms.Mscrm.Form.dhms_initiativetasks.NewRecord.Hide" Location="Mscrm.Form.dhms_initiativetasks.NewRecord" />
    <HideCustomAction HideActionId="dhms.Mscrm.Form.dhms_initiativetasks.NewRecordForBPFEntity.Hide" Location="Mscrm.Form.dhms_initiativetasks.NewRecordForBPFEntity" />
    <HideCustomAction HideActionId="dhms.Mscrm.Form.dhms_initiativetasks.OpenActiveStage.Hide" Location="Mscrm.Form.dhms_initiativetasks.OpenActiveStage" />
    <HideCustomAction HideActionId="dhms.Mscrm.Form.dhms_initiativetasks.PDFButtonId.Hide" Location="Mscrm.Form.dhms_initiativetasks.PDFButtonId" />
    <HideCustomAction HideActionId="dhms.Mscrm.Form.dhms_initiativetasks.Permissions.Grant.Hide" Location="Mscrm.Form.dhms_initiativetasks.Permissions.Grant" />
    <HideCustomAction HideActionId="dhms.Mscrm.Form.dhms_initiativetasks.Permissions.Hide" Location="Mscrm.Form.dhms_initiativetasks.Permissions" />
    <HideCustomAction HideActionId="dhms.Mscrm.Form.dhms_initiativetasks.Permissions.Sharing.Hide" Location="Mscrm.Form.dhms_initiativetasks.Permissions.Sharing" />
    <HideCustomAction HideActionId="dhms.Mscrm.Form.dhms_initiativetasks.RefreshModernButton.Hide" Location="Mscrm.Form.dhms_initiativetasks.RefreshModernButton" />
    <HideCustomAction HideActionId="dhms.Mscrm.Form.dhms_initiativetasks.Reports.Hide" Location="Mscrm.Form.dhms_initiativetasks.Reports" />
    <HideCustomAction HideActionId="dhms.Mscrm.Form.dhms_initiativetasks.RunScript.Hide" Location="Mscrm.Form.dhms_initiativetasks.RunScript" />
    <HideCustomAction HideActionId="dhms.Mscrm.Form.dhms_initiativetasks.RunWorkflow.Hide" Location="Mscrm.Form.dhms_initiativetasks.RunWorkflow" />
    <HideCustomAction HideActionId="dhms.Mscrm.Form.dhms_initiativetasks.SaveAndNew.Hide" Location="Mscrm.Form.dhms_initiativetasks.SaveAndNew" />
    <HideCustomAction HideActionId="dhms.Mscrm.Form.dhms_initiativetasks.SendSelected.Hide" Location="Mscrm.Form.dhms_initiativetasks.SendSelected" />
    <HideCustomAction HideActionId="dhms.Mscrm.Form.dhms_initiativetasks.ViewHierarchy.Hide" Location="Mscrm.Form.dhms_initiativetasks.ViewHierarchy" />
    <HideCustomAction HideActionId="dhms.Mscrm.Form.dhms_initiativetasks.WordTemplate.Hide" Location="Mscrm.Form.dhms_initiativetasks.WordTemplate" />
    <HideCustomAction HideActionId="dhms.Mscrm.HomepageGrid.dhms_initiativetasks.Activate.Hide" Location="Mscrm.HomepageGrid.dhms_initiativetasks.Activate" />
    <HideCustomAction HideActionId="dhms.Mscrm.HomepageGrid.dhms_initiativetasks.AddConnection.Hide" Location="Mscrm.HomepageGrid.dhms_initiativetasks.AddConnection" />
    <HideCustomAction HideActionId="dhms.Mscrm.HomepageGrid.dhms_initiativetasks.AddToQueue.Hide" Location="Mscrm.HomepageGrid.dhms_initiativetasks.AddToQueue" />
    <HideCustomAction HideActionId="dhms.Mscrm.HomepageGrid.dhms_initiativetasks.Assign.Hide" Location="Mscrm.HomepageGrid.dhms_initiativetasks.Assign" />
    <HideCustomAction HideActionId="dhms.Mscrm.HomepageGrid.dhms_initiativetasks.ChangeDataSetControlButton.Hide" Location="Mscrm.HomepageGrid.dhms_initiativetasks.ChangeDataSetControlButton" />
    <HideCustomAction HideActionId="dhms.Mscrm.HomepageGrid.dhms_initiativetasks.Copy.Hide" Location="Mscrm.HomepageGrid.dhms_initiativetasks.Copy" />
    <HideCustomAction HideActionId="dhms.Mscrm.HomepageGrid.dhms_initiativetasks.Deactivate.Hide" Location="Mscrm.HomepageGrid.dhms_initiativetasks.Deactivate" />
    <HideCustomAction HideActionId="dhms.Mscrm.HomepageGrid.dhms_initiativetasks.DeleteMenu.Hide" Location="Mscrm.HomepageGrid.dhms_initiativetasks.DeleteMenu" />
    <HideCustomAction HideActionId="dhms.Mscrm.HomepageGrid.dhms_initiativetasks.Detect.Hide" Location="Mscrm.HomepageGrid.dhms_initiativetasks.Detect" />
    <HideCustomAction HideActionId="dhms.Mscrm.HomepageGrid.dhms_initiativetasks.DocumentTemplate.Hide" Location="Mscrm.HomepageGrid.dhms_initiativetasks.DocumentTemplate" />
    <HideCustomAction HideActionId="dhms.Mscrm.HomepageGrid.dhms_initiativetasks.Edit.Hide" Location="Mscrm.HomepageGrid.dhms_initiativetasks.Edit" />
    <HideCustomAction HideActionId="dhms.Mscrm.HomepageGrid.dhms_initiativetasks.ExportToExcel.Hide" Location="Mscrm.HomepageGrid.dhms_initiativetasks.ExportToExcel" />
    <HideCustomAction HideActionId="dhms.Mscrm.HomepageGrid.dhms_initiativetasks.Flows.RefreshCommandBar.Flows.Hide" Location="Mscrm.HomepageGrid.dhms_initiativetasks.Flows.RefreshCommandBar.Flows" />
    <HideCustomAction HideActionId="dhms.Mscrm.HomepageGrid.dhms_initiativetasks.Flows.RefreshCommandBar.Hide" Location="Mscrm.HomepageGrid.dhms_initiativetasks.Flows.RefreshCommandBar" />
    <HideCustomAction HideActionId="dhms.Mscrm.HomepageGrid.dhms_initiativetasks.Import.Hide" Location="Mscrm.HomepageGrid.dhms_initiativetasks.Import" />
    <HideCustomAction HideActionId="dhms.Mscrm.HomepageGrid.dhms_initiativetasks.ImportDataFromExcel.Hide" Location="Mscrm.HomepageGrid.dhms_initiativetasks.ImportDataFromExcel" />
    <HideCustomAction HideActionId="dhms.Mscrm.HomepageGrid.dhms_initiativetasks.MainFilters.Hide" Location="Mscrm.HomepageGrid.dhms_initiativetasks.MainFilters" />
    <HideCustomAction HideActionId="dhms.Mscrm.HomepageGrid.dhms_initiativetasks.MainTab.QuickPowerBI.Button.Hide" Location="Mscrm.HomepageGrid.dhms_initiativetasks.MainTab.QuickPowerBI.Button" />
    <HideCustomAction HideActionId="dhms.Mscrm.HomepageGrid.dhms_initiativetasks.Meqf.Hide" Location="Mscrm.HomepageGrid.dhms_initiativetasks.Meqf" />
    <HideCustomAction HideActionId="dhms.Mscrm.HomepageGrid.dhms_initiativetasks.NavigateToHomepageGrid.Hide" Location="Mscrm.HomepageGrid.dhms_initiativetasks.NavigateToHomepageGrid" />
    <HideCustomAction HideActionId="dhms.Mscrm.HomepageGrid.dhms_initiativetasks.OpenActiveStage.Hide" Location="Mscrm.HomepageGrid.dhms_initiativetasks.OpenActiveStage" />
    <HideCustomAction HideActionId="dhms.Mscrm.HomepageGrid.dhms_initiativetasks.OpenRecordInSidePane.Hide" Location="Mscrm.HomepageGrid.dhms_initiativetasks.OpenRecordInSidePane" />
    <HideCustomAction HideActionId="dhms.Mscrm.HomepageGrid.dhms_initiativetasks.RefreshButton.Hide" Location="Mscrm.HomepageGrid.dhms_initiativetasks.RefreshButton" />
    <HideCustomAction HideActionId="dhms.Mscrm.HomepageGrid.dhms_initiativetasks.RefreshModernButton.Hide" Location="Mscrm.HomepageGrid.dhms_initiativetasks.RefreshModernButton" />
    <HideCustomAction HideActionId="dhms.Mscrm.HomepageGrid.dhms_initiativetasks.RunReport.Hide" Location="Mscrm.HomepageGrid.dhms_initiativetasks.RunReport" />
    <HideCustomAction HideActionId="dhms.Mscrm.HomepageGrid.dhms_initiativetasks.RunScript.Hide" Location="Mscrm.HomepageGrid.dhms_initiativetasks.RunScript" />
    <HideCustomAction HideActionId="dhms.Mscrm.HomepageGrid.dhms_initiativetasks.RunWorkflow.Hide" Location="Mscrm.HomepageGrid.dhms_initiativetasks.RunWorkflow" />
    <HideCustomAction HideActionId="dhms.Mscrm.HomepageGrid.dhms_initiativetasks.Send.Hide" Location="Mscrm.HomepageGrid.dhms_initiativetasks.Send" />
    <HideCustomAction HideActionId="dhms.Mscrm.HomepageGrid.dhms_initiativetasks.Sharing.Hide" Location="Mscrm.HomepageGrid.dhms_initiativetasks.Sharing" />
    <HideCustomAction HideActionId="dhms.Mscrm.HomepageGrid.dhms_initiativetasks.ViewHierarchy.Hide" Location="Mscrm.HomepageGrid.dhms_initiativetasks.ViewHierarchy" />
    <HideCustomAction HideActionId="dhms.Mscrm.HomepageGrid.dhms_initiativetasks.WordTemplate.Hide" Location="Mscrm.HomepageGrid.dhms_initiativetasks.WordTemplate" />
    <HideCustomAction HideActionId="dhms.Mscrm.SubGrid.dhms_initiativetasks.Activate.Hide" Location="Mscrm.SubGrid.dhms_initiativetasks.Activate" />
    <HideCustomAction HideActionId="dhms.Mscrm.SubGrid.dhms_initiativetasks.AddConnection.Hide" Location="Mscrm.SubGrid.dhms_initiativetasks.AddConnection" />
    <HideCustomAction HideActionId="dhms.Mscrm.SubGrid.dhms_initiativetasks.AddEmail.Hide" Location="Mscrm.SubGrid.dhms_initiativetasks.AddEmail" />
    <HideCustomAction HideActionId="dhms.Mscrm.SubGrid.dhms_initiativetasks.AddExistingAssoc.Hide" Location="Mscrm.SubGrid.dhms_initiativetasks.AddExistingAssoc" />
    <HideCustomAction HideActionId="dhms.Mscrm.SubGrid.dhms_initiativetasks.AddExistingStandard.Hide" Location="Mscrm.SubGrid.dhms_initiativetasks.AddExistingStandard" />
    <HideCustomAction HideActionId="dhms.Mscrm.SubGrid.dhms_initiativetasks.AddToQueue.Hide" Location="Mscrm.SubGrid.dhms_initiativetasks.AddToQueue" />
    <HideCustomAction HideActionId="dhms.Mscrm.SubGrid.dhms_initiativetasks.AdvMergeRecords.Hide" Location="Mscrm.SubGrid.dhms_initiativetasks.AdvMergeRecords" />
    <HideCustomAction HideActionId="dhms.Mscrm.SubGrid.dhms_initiativetasks.Assign.Hide" Location="Mscrm.SubGrid.dhms_initiativetasks.Assign" />
    <HideCustomAction HideActionId="dhms.Mscrm.SubGrid.dhms_initiativetasks.AssociateParentChildCase.Hide" Location="Mscrm.SubGrid.dhms_initiativetasks.AssociateParentChildCase" />
    <HideCustomAction HideActionId="dhms.Mscrm.SubGrid.dhms_initiativetasks.BulkDelete.Hide" Location="Mscrm.SubGrid.dhms_initiativetasks.BulkDelete" />
    <HideCustomAction HideActionId="dhms.Mscrm.SubGrid.dhms_initiativetasks.ChangeDataSetControlButton.Hide" Location="Mscrm.SubGrid.dhms_initiativetasks.ChangeDataSetControlButton" />
    <HideCustomAction HideActionId="dhms.Mscrm.SubGrid.dhms_initiativetasks.Charts.Hide" Location="Mscrm.SubGrid.dhms_initiativetasks.Charts" />
    <HideCustomAction HideActionId="dhms.Mscrm.SubGrid.dhms_initiativetasks.CopySelected.Hide" Location="Mscrm.SubGrid.dhms_initiativetasks.CopySelected" />
    <HideCustomAction HideActionId="dhms.Mscrm.SubGrid.dhms_initiativetasks.Deactivate.Hide" Location="Mscrm.SubGrid.dhms_initiativetasks.Deactivate" />
    <HideCustomAction HideActionId="dhms.Mscrm.SubGrid.dhms_initiativetasks.Delete.Hide" Location="Mscrm.SubGrid.dhms_initiativetasks.Delete" />
    <HideCustomAction HideActionId="dhms.Mscrm.SubGrid.dhms_initiativetasks.Detect.Hide" Location="Mscrm.SubGrid.dhms_initiativetasks.Detect" />
    <HideCustomAction HideActionId="dhms.Mscrm.SubGrid.dhms_initiativetasks.DocumentTemplate.Hide" Location="Mscrm.SubGrid.dhms_initiativetasks.DocumentTemplate" />
    <HideCustomAction HideActionId="dhms.Mscrm.SubGrid.dhms_initiativetasks.Edit.Hide" Location="Mscrm.SubGrid.dhms_initiativetasks.Edit" />
    <HideCustomAction HideActionId="dhms.Mscrm.SubGrid.dhms_initiativetasks.ExportSelectedToExcel.Hide" Location="Mscrm.SubGrid.dhms_initiativetasks.ExportSelectedToExcel" />
    <HideCustomAction HideActionId="dhms.Mscrm.SubGrid.dhms_initiativetasks.ExportToExcel.Hide" Location="Mscrm.SubGrid.dhms_initiativetasks.ExportToExcel" />
    <HideCustomAction HideActionId="dhms.Mscrm.SubGrid.dhms_initiativetasks.Filters.Hide" Location="Mscrm.SubGrid.dhms_initiativetasks.Filters" />
    <HideCustomAction HideActionId="dhms.Mscrm.SubGrid.dhms_initiativetasks.Flows.RefreshCommandBar.Hide" Location="Mscrm.SubGrid.dhms_initiativetasks.Flows.RefreshCommandBar" />
    <HideCustomAction HideActionId="dhms.Mscrm.SubGrid.dhms_initiativetasks.FolderTracking.Hide" Location="Mscrm.SubGrid.dhms_initiativetasks.FolderTracking" />
    <HideCustomAction HideActionId="dhms.Mscrm.SubGrid.dhms_initiativetasks.MailMerge.Hide" Location="Mscrm.SubGrid.dhms_initiativetasks.MailMerge" />
    <HideCustomAction HideActionId="dhms.Mscrm.SubGrid.dhms_initiativetasks.modern.AddEmail.Hide" Location="Mscrm.SubGrid.dhms_initiativetasks.modern.AddEmail" />
    <HideCustomAction HideActionId="dhms.Mscrm.SubGrid.dhms_initiativetasks.OpenAssociatedGridViewStandard.Hide" Location="Mscrm.SubGrid.dhms_initiativetasks.OpenAssociatedGridViewStandard" />
    <HideCustomAction HideActionId="dhms.Mscrm.SubGrid.dhms_initiativetasks.RefreshButton.Hide" Location="Mscrm.SubGrid.dhms_initiativetasks.RefreshButton" />
    <HideCustomAction HideActionId="dhms.Mscrm.SubGrid.dhms_initiativetasks.Remove.Hide" Location="Mscrm.SubGrid.dhms_initiativetasks.Remove" />
    <HideCustomAction HideActionId="dhms.Mscrm.SubGrid.dhms_initiativetasks.RunReport.Hide" Location="Mscrm.SubGrid.dhms_initiativetasks.RunReport" />
    <HideCustomAction HideActionId="dhms.Mscrm.SubGrid.dhms_initiativetasks.RunScript.Hide" Location="Mscrm.SubGrid.dhms_initiativetasks.RunScript" />
    <HideCustomAction HideActionId="dhms.Mscrm.SubGrid.dhms_initiativetasks.RunWorkflow.Hide" Location="Mscrm.SubGrid.dhms_initiativetasks.RunWorkflow" />
    <HideCustomAction HideActionId="dhms.Mscrm.SubGrid.dhms_initiativetasks.SaveAsDefaultGridView.Hide" Location="Mscrm.SubGrid.dhms_initiativetasks.SaveAsDefaultGridView" />
    <HideCustomAction HideActionId="dhms.Mscrm.SubGrid.dhms_initiativetasks.SaveAsNew.Hide" Location="Mscrm.SubGrid.dhms_initiativetasks.SaveAsNew" />
    <HideCustomAction HideActionId="dhms.Mscrm.SubGrid.dhms_initiativetasks.SaveToCurrent.Hide" Location="Mscrm.SubGrid.dhms_initiativetasks.SaveToCurrent" />
    <HideCustomAction HideActionId="dhms.Mscrm.SubGrid.dhms_initiativetasks.SendSelected.Hide" Location="Mscrm.SubGrid.dhms_initiativetasks.SendSelected" />
    <HideCustomAction HideActionId="dhms.Mscrm.SubGrid.dhms_initiativetasks.Sharing.Hide" Location="Mscrm.SubGrid.dhms_initiativetasks.Sharing" />
    <HideCustomAction HideActionId="dhms.Mscrm.SubGrid.dhms_initiativetasks.WordTemplate.Hide" Location="Mscrm.SubGrid.dhms_initiativetasks.WordTemplate" />
  </CustomActions>
  <Templates>
    <RibbonTemplates Id="Mscrm.Templates"></RibbonTemplates>
  </Templates>
  <CommandDefinitions />
  <RuleDefinitions>
    <TabDisplayRules />
    <DisplayRules />
    <EnableRules />
  </RuleDefinitions>
  <LocLabels />
</RibbonDiffXml>