﻿<?xml version="1.0" encoding="utf-8"?>
<savedqueries xmlns:xsi="http://www.w3.org/2001/XMLSchema-instance">
  <savedquery>
    <IsCustomizable>1</IsCustomizable>
    <CanBeDeleted>0</CanBeDeleted>
    <isquickfindquery>0</isquickfindquery>
    <isprivate>0</isprivate>
    <isdefault>1</isdefault>
    <savedqueryid>{03b93fbd-f58a-45a4-a609-0f55cc598808}</savedqueryid>
    <layoutxml>
      <grid name="resultset" jump="dhms_name" select="1" icon="1" preview="1">
        <row name="result" id="dhms_expensespentid">
          <cell name="dhms_projectedmonthlyspenton" width="201" />
          <cell name="dhms_year" width="100" />
          <cell name="dhms_yeartotalamount" width="148" />
        </row>
      </grid>
    </layoutxml>
    <querytype>0</querytype>
    <fetchxml>
      <fetch version="1.0" mapping="logical">
        <entity name="dhms_expensespent">
          <attribute name="dhms_expensespentid" />
          <filter type="and">
            <condition attribute="statecode" operator="eq" value="0" />
          </filter>
          <attribute name="dhms_year" />
          <attribute name="dhms_projectedmonthlyspenton" />
          <attribute name="dhms_yeartotalamount" />
        </entity>
      </fetch>
    </fetchxml>
    <IntroducedVersion>1.0.0.0</IntroducedVersion>
    <LocalizedNames>
      <LocalizedName description="Active Expense Spents" languagecode="1033" />
    </LocalizedNames>
  </savedquery>
</savedqueries>