﻿<?xml version="1.0" encoding="utf-8"?>
<savedqueries xmlns:xsi="http://www.w3.org/2001/XMLSchema-instance">
  <savedquery>
    <IsCustomizable>1</IsCustomizable>
    <CanBeDeleted>0</CanBeDeleted>
    <isquickfindquery>0</isquickfindquery>
    <isprivate>0</isprivate>
    <isdefault>1</isdefault>
    <savedqueryid>{0c49efb4-d456-4cdf-bdef-169b872c9e41}</savedqueryid>
    <layoutxml>
      <grid name="dhms_expensespents" jump="dhms_name" select="1" icon="1" preview="0">
        <row name="dhms_expensespent" id="dhms_expensespentid">
          <cell name="dhms_name" width="300" />
          <cell name="createdon" width="125" />
          <cell name="createdby" width="104" />
        </row>
      </grid>
    </layoutxml>
    <querytype>64</querytype>
    <fetchxml>
      <fetch version="1.0" mapping="logical">
        <entity name="dhms_expensespent">
          <attribute name="dhms_expensespentid" />
          <attribute name="dhms_name" />
          <attribute name="createdon" />
          <filter type="and">
            <condition attribute="statecode" operator="eq" value="0" />
          </filter>
          <attribute name="createdby" />
        </entity>
      </fetch>
    </fetchxml>
    <IntroducedVersion>1.0.0.0</IntroducedVersion>
    <LocalizedNames>
      <LocalizedName description="Expense Spent Lookup View" languagecode="1033" />
    </LocalizedNames>
  </savedquery>
</savedqueries>