﻿<?xml version="1.0" encoding="utf-8"?>
<savedqueries xmlns:xsi="http://www.w3.org/2001/XMLSchema-instance">
  <savedquery>
    <IsCustomizable>1</IsCustomizable>
    <CanBeDeleted>0</CanBeDeleted>
    <isquickfindquery>0</isquickfindquery>
    <isprivate>0</isprivate>
    <isdefault>1</isdefault>
    <savedqueryid>{244fb466-22f6-4402-b3db-e280e1eafbd5}</savedqueryid>
    <layoutxml>
      <grid name="dhms_expensespents" jump="dhms_name" select="1" icon="1" preview="1">
        <row name="dhms_expensespent" id="dhms_expensespentid">
          <cell name="dhms_projectedmonthlyspenton" width="201" />
          <cell name="dhms_month" width="100" />
          <cell name="dhms_year" width="100" />
          <cell name="dhms_amountspent" width="122" />
        </row>
      </grid>
    </layoutxml>
    <querytype>2</querytype>
    <fetchxml>
      <fetch version="1.0" mapping="logical">
        <entity name="dhms_expensespent">
          <attribute name="dhms_expensespentid" />
          <filter type="and">
            <condition attribute="statecode" operator="eq" value="0" />
          </filter>
          <attribute name="dhms_projectedmonthlyspenton" />
          <attribute name="dhms_month" />
          <attribute name="dhms_year" />
          <attribute name="dhms_amountspent" />
        </entity>
      </fetch>
    </fetchxml>
    <IntroducedVersion>1.0.0.0</IntroducedVersion>
    <LocalizedNames>
      <LocalizedName description="Expense Spent Associated View" languagecode="1033" />
    </LocalizedNames>
  </savedquery>
</savedqueries>