﻿<?xml version="1.0" encoding="utf-8"?>
<savedqueries xmlns:xsi="http://www.w3.org/2001/XMLSchema-instance">
  <savedquery>
    <IsCustomizable>1</IsCustomizable>
    <CanBeDeleted>0</CanBeDeleted>
    <isquickfindquery>0</isquickfindquery>
    <isprivate>0</isprivate>
    <isdefault>1</isdefault>
    <savedqueryid>{aa0c7156-bf23-455a-ac39-e2b76aa676cc}</savedqueryid>
    <layoutxml>
      <grid name="resultset" jump="dhms_name" select="1" icon="1" preview="1">
        <row name="result" id="dhms_expensespentid">
          <cell name="dhms_name" width="300" />
          <cell name="createdon" width="125" />
          <cell name="modifiedby" width="112" />
        </row>
      </grid>
    </layoutxml>
    <querytype>1</querytype>
    <fetchxml>
      <fetch version="1.0" mapping="logical">
        <entity name="dhms_expensespent">
          <attribute name="dhms_expensespentid" />
          <attribute name="dhms_name" />
          <attribute name="createdon" />
          <order attribute="dhms_name" descending="false" />
          <attribute name="modifiedby" />
        </entity>
      </fetch>
    </fetchxml>
    <IntroducedVersion>1.0.0.0</IntroducedVersion>
    <LocalizedNames>
      <LocalizedName description="Expense Spent Advanced Find View" languagecode="1033" />
    </LocalizedNames>
  </savedquery>
</savedqueries>