﻿<?xml version="1.0" encoding="utf-8"?>
<CanvasApp xmlns:xsi="http://www.w3.org/2001/XMLSchema-instance">
  <Name>dhms_initiativeallocationmanagementdefaultcommandlibrary_f4dc9</Name>
  <AppVersion>2024-09-11T17:44:05Z</AppVersion>
  <Status>Ready</Status>
  <CreatedByClientVersion>3.24084.21.0</CreatedByClientVersion>
  <MinClientVersion>0.0.0.0</MinClientVersion>
  <Tags>{"primaryDeviceWidth":"1366","primaryDeviceHeight":"768","sienaVersion":"20240909T212610Z-3.24083.14.0","deviceCapabilities":"","supportsPortrait":"true","supportsLandscape":"true","primaryFormFactor":"Tablet","publisherVersion":"3.24083.14","minimumRequiredApiVersion":"2.2.0","hasComponent":"true","hasUnlockedComponent":"true","isUnifiedRootApp":"false","showStatusBar":"false"}</Tags>
  <IsCdsUpgraded>0</IsCdsUpgraded>
  <GalleryItemId xsi:nil="true"></GalleryItemId>
  <BackgroundColor>RGBA(251,101,60,1)</BackgroundColor>
  <DisplayName>InitiativeAllocationManagement_DefaultCommandLibrary</DisplayName>
  <Description xsi:nil="true"></Description>
  <CommitMessage>Saved by Command designer.</CommitMessage>
  <Publisher xsi:nil="true"></Publisher>
  <AuthorizationReferences>[]</AuthorizationReferences>
  <ConnectionReferences>{}</ConnectionReferences>
  <DatabaseReferences>{"default.cds":{"databaseDetails":{"referenceType":"Environmental","environmentName":"default.cds"},"dataSources":{"Expense Spents":{"entitySetName":"dhms_expensespents","logicalName":"dhms_expensespent"},"Initiative Trackers":{"entitySetName":"dhms_initiativetrackers","logicalName":"dhms_initiativetracker"}}}}</DatabaseReferences>
  <AppComponents>[]</AppComponents>
  <AppComponentDependencies>[]</AppComponentDependencies>
  <CanConsumeAppPass>1</CanConsumeAppPass>
  <CanvasAppType>1</CanvasAppType>
  <BypassConsent>0</BypassConsent>
  <AdminControlBypassConsent>0</AdminControlBypassConsent>
  <EmbeddedApp xsi:nil="true"></EmbeddedApp>
  <IntroducedVersion>1.0</IntroducedVersion>
  <CdsDependencies>{"cdsdependencies":[{"logicalname":"dhms_expensespent","componenttype":1},{"logicalname":"dhms_initiativetracker","componenttype":1}]}</CdsDependencies>
  <IsCustomizable>1</IsCustomizable>
  <BackgroundImageUri>/CanvasApps/dhms_initiativeallocationmanagementdefaultcom32591_BackgroundImageUri</BackgroundImageUri>
  <DocumentUri>/CanvasApps/dhms_initiativeallocationmanagementdefaultcom35902_DocumentUri.msapp</DocumentUri>
</CanvasApp>