﻿<?xml version="1.0" encoding="utf-8"?>
<EntityRelationships xmlns:xsi="http://www.w3.org/2001/XMLSchema-instance">
  <EntityRelationship Name="business_unit_dhms_contract" />
  <EntityRelationship Name="business_unit_dhms_expensespent" />
  <EntityRelationship Name="business_unit_dhms_initiativetasks" />
  <EntityRelationship Name="business_unit_dhms_initiativetracker" />
  <EntityRelationship Name="dhms_initiativetasks_InitiativeTracker" />
  <EntityRelationship Name="dhms_InitiativeTracker_dhms_InitiativeTracker_dhms_ExpenseSpent" />
  <EntityRelationship Name="lk_dhms_contract_createdby" />
  <EntityRelationship Name="lk_dhms_contract_modifiedby" />
  <EntityRelationship Name="lk_dhms_expensespent_createdby" />
  <EntityRelationship Name="lk_dhms_expensespent_modifiedby" />
  <EntityRelationship Name="lk_dhms_initiativetasks_createdby" />
  <EntityRelationship Name="lk_dhms_initiativetasks_modifiedby" />
  <EntityRelationship Name="lk_dhms_initiativetracker_createdby" />
  <EntityRelationship Name="lk_dhms_initiativetracker_modifiedby" />
  <EntityRelationship Name="owner_dhms_contract" />
  <EntityRelationship Name="owner_dhms_expensespent" />
  <EntityRelationship Name="owner_dhms_initiativetasks" />
  <EntityRelationship Name="owner_dhms_initiativetracker" />
  <EntityRelationship Name="team_dhms_contract" />
  <EntityRelationship Name="team_dhms_expensespent" />
  <EntityRelationship Name="team_dhms_initiativetasks" />
  <EntityRelationship Name="team_dhms_initiativetracker" />
  <EntityRelationship Name="TransactionCurrency_dhms_Contract" />
  <EntityRelationship Name="TransactionCurrency_dhms_ExpenseSpent" />
  <EntityRelationship Name="TransactionCurrency_dhms_InitiativeTracker" />
  <EntityRelationship Name="user_dhms_contract" />
  <EntityRelationship Name="user_dhms_expensespent" />
  <EntityRelationship Name="user_dhms_initiativetasks" />
  <EntityRelationship Name="user_dhms_initiativetracker" />
</EntityRelationships>