﻿<?xml version="1.0" encoding="utf-8"?>
<ImportExportXml version="9.2.24073.204" SolutionPackageVersion="9.2" languagecode="1033" generatedBy="CrmLive" xmlns:xsi="http://www.w3.org/2001/XMLSchema-instance">
  <SolutionManifest>
    <UniqueName>InitiativeReports</UniqueName>
    <LocalizedNames>
      <LocalizedName description="Initiative Reports" languagecode="1033" />
    </LocalizedNames>
    <Descriptions />
    <Version>1.0.1</Version>
    <Managed>0</Managed>
    <Publisher>
      <UniqueName>Web_Posting_Solutions</UniqueName>
      <LocalizedNames>
        <LocalizedName description="DHMS_Web_Posting_App" languagecode="1033" />
      </LocalizedNames>
      <Descriptions>
        <Description description="For Web Posting Power app project." languagecode="1033" />
      </Descriptions>
      <EMailAddress xsi:nil="true">
      </EMailAddress>
      <SupportingWebsiteUrl xsi:nil="true">
      </SupportingWebsiteUrl>
      <CustomizationPrefix>dhms</CustomizationPrefix>
      <CustomizationOptionValuePrefix>37450</CustomizationOptionValuePrefix>
      <Addresses>
        <Address>
          <AddressNumber>1</AddressNumber>
          <AddressTypeCode>1</AddressTypeCode>
          <City xsi:nil="true">
          </City>
          <County xsi:nil="true">
          </County>
          <Country xsi:nil="true">
          </Country>
          <Fax xsi:nil="true">
          </Fax>
          <FreightTermsCode xsi:nil="true">
          </FreightTermsCode>
          <ImportSequenceNumber xsi:nil="true">
          </ImportSequenceNumber>
          <Latitude xsi:nil="true">
          </Latitude>
          <Line1 xsi:nil="true">
          </Line1>
          <Line2 xsi:nil="true">
          </Line2>
          <Line3 xsi:nil="true">
          </Line3>
          <Longitude xsi:nil="true">
          </Longitude>
          <Name xsi:nil="true">
          </Name>
          <PostalCode xsi:nil="true">
          </PostalCode>
          <PostOfficeBox xsi:nil="true">
          </PostOfficeBox>
          <PrimaryContactName xsi:nil="true">
          </PrimaryContactName>
          <ShippingMethodCode>1</ShippingMethodCode>
          <StateOrProvince xsi:nil="true">
          </StateOrProvince>
          <Telephone1 xsi:nil="true">
          </Telephone1>
          <Telephone2 xsi:nil="true">
          </Telephone2>
          <Telephone3 xsi:nil="true">
          </Telephone3>
          <TimeZoneRuleVersionNumber xsi:nil="true">
          </TimeZoneRuleVersionNumber>
          <UPSZone xsi:nil="true">
          </UPSZone>
          <UTCOffset xsi:nil="true">
          </UTCOffset>
          <UTCConversionTimeZoneCode xsi:nil="true">
          </UTCConversionTimeZoneCode>
        </Address>
        <Address>
          <AddressNumber>2</AddressNumber>
          <AddressTypeCode>1</AddressTypeCode>
          <City xsi:nil="true">
          </City>
          <County xsi:nil="true">
          </County>
          <Country xsi:nil="true">
          </Country>
          <Fax xsi:nil="true">
          </Fax>
          <FreightTermsCode xsi:nil="true">
          </FreightTermsCode>
          <ImportSequenceNumber xsi:nil="true">
          </ImportSequenceNumber>
          <Latitude xsi:nil="true">
          </Latitude>
          <Line1 xsi:nil="true">
          </Line1>
          <Line2 xsi:nil="true">
          </Line2>
          <Line3 xsi:nil="true">
          </Line3>
          <Longitude xsi:nil="true">
          </Longitude>
          <Name xsi:nil="true">
          </Name>
          <PostalCode xsi:nil="true">
          </PostalCode>
          <PostOfficeBox xsi:nil="true">
          </PostOfficeBox>
          <PrimaryContactName xsi:nil="true">
          </PrimaryContactName>
          <ShippingMethodCode>1</ShippingMethodCode>
          <StateOrProvince xsi:nil="true">
          </StateOrProvince>
          <Telephone1 xsi:nil="true">
          </Telephone1>
          <Telephone2 xsi:nil="true">
          </Telephone2>
          <Telephone3 xsi:nil="true">
          </Telephone3>
          <TimeZoneRuleVersionNumber xsi:nil="true">
          </TimeZoneRuleVersionNumber>
          <UPSZone xsi:nil="true">
          </UPSZone>
          <UTCOffset xsi:nil="true">
          </UTCOffset>
          <UTCConversionTimeZoneCode xsi:nil="true">
          </UTCConversionTimeZoneCode>
        </Address>
      </Addresses>
    </Publisher>
    <RootComponents>
      <RootComponent type="1" schemaName="dhms_contract" behavior="0" />
      <RootComponent type="1" schemaName="dhms_expensespent" behavior="0" />
      <RootComponent type="1" schemaName="dhms_initiativetasks" behavior="0" />
      <RootComponent type="1" schemaName="dhms_initiativetracker" behavior="0" />
      <RootComponent type="29" id="{142f9c97-db62-ef11-bfe3-001dd802038b}" behavior="0" />
      <RootComponent type="29" id="{5ca490b8-6a70-ef11-a671-001dd802038b}" behavior="0" />
      <RootComponent type="29" id="{70656202-d166-ef11-bfe2-001dd80c0acf}" behavior="0" />
      <RootComponent type="29" id="{779abffc-d26e-ef11-a671-001dd802038b}" behavior="0" />
      <RootComponent type="29" id="{868827e1-7f6b-ef11-a671-001dd802038b}" behavior="0" />
      <RootComponent type="300" schemaName="dhms_initiativeallocationmanagementdefaultcommandlibrary_f4dc9" behavior="0" />
      <RootComponent type="60" id="{ec2c0ffe-c06b-ef11-a671-001dd802038b}" behavior="0" />
      <RootComponent type="61" schemaName="dhms_InitiativeNameChoiceUpdate" behavior="0" />
      <RootComponent type="61" schemaName="dhms_TaskStatusHtmlRadio" behavior="0" />
      <RootComponent type="61" schemaName="dhms_TaskStatusRadioButtons" behavior="0" />
      <RootComponent type="61" schemaName="dhms_WeekOfMeetingScript" behavior="0" />
      <RootComponent type="62" schemaName="dhms_InitiativeAllocationManagement" behavior="0" />
      <RootComponent type="80" schemaName="dhms_InitiativeAllocationManagement" behavior="0" />
    </RootComponents>
    <MissingDependencies>
      <MissingDependency>
        <Required type="61" schemaName="msdyn_/Images/AppModule_Default_Icon.png" displayName="msdyn_/Images/AppModule_Default_Icon.png" solution="AppModuleWebResources (2.5)" />
        <Dependent type="80" schemaName="dhms_InitiativeAllocationManagement" displayName="Initiative Allocation Management" />
      </MissingDependency>
      <MissingDependency>
        <Required type="66" schemaName="MscrmControls.OptionSet.OptionSetControl" displayName="MscrmControls.OptionSet.OptionSetControl" solution="CustomControlsCore (9.2.24073.00204)" />
        <Dependent type="60" displayName="Information" parentDisplayName="Contract" id="{0489706c-f18b-4ee2-8e5a-7d0ec61c6690}" />
      </MissingDependency>
      <MissingDependency>
        <Required type="66" schemaName="MscrmControls.OptionSet.OptionSetControl" displayName="MscrmControls.OptionSet.OptionSetControl" solution="CustomControlsCore (9.2.24073.00204)" />
        <Dependent type="60" displayName="Information" parentDisplayName="Expense Spent" id="{550ab96a-394a-43d7-981d-04291fc17839}" />
      </MissingDependency>
      <MissingDependency>
        <Required type="66" schemaName="MscrmControls.OptionSet.OptionSetControl" displayName="MscrmControls.OptionSet.OptionSetControl" solution="CustomControlsCore (9.2.24073.00204)" />
        <Dependent type="60" displayName="Expense Spent Quick Create Form" parentDisplayName="Expense Spent" id="{cc61ad08-7460-ef11-bfe3-001dd8083a32}" />
      </MissingDependency>
      <MissingDependency>
        <Required type="66" schemaName="MscrmControls.OptionSet.OptionSetControl" displayName="MscrmControls.OptionSet.OptionSetControl" solution="CustomControlsCore (9.2.24073.00204)" />
        <Dependent type="60" displayName="Contract Quick Create Form" parentDisplayName="Contract" id="{d40e5217-8865-ef11-bfe3-001dd8083a32}" />
      </MissingDependency>
      <MissingDependency>
        <Required type="66" schemaName="MscrmControls.OptionSet.OptionSetControl" displayName="MscrmControls.OptionSet.OptionSetControl" solution="CustomControlsCore (9.2.24073.00204)" />
        <Dependent type="60" displayName="Initiative Form" parentDisplayName="Initiative Tracker" id="{ddc6fb13-4627-4c0b-a253-7f590f36d55d}" />
      </MissingDependency>
      <MissingDependency>
        <Required type="66" schemaName="MscrmControls.RichTextEditorV2.RichTextEditorControlV2" displayName="MscrmControls.RichTextEditorV2.RichTextEditorControlV2" solution="msdyn_RichTextEditor (1.0.0.3768)" />
        <Dependent type="60" displayName="Initiative Form" parentDisplayName="Initiative Tracker" id="{ddc6fb13-4627-4c0b-a253-7f590f36d55d}" />
      </MissingDependency>
      <MissingDependency>
        <Required type="66" schemaName="subtil_nunosubtil.PCFHoverOptionSet" displayName="subtil_nunosubtil.PCFHoverOptionSet" solution="HoverOptionSet (1.0)" />
        <Dependent type="60" displayName="Initiative Tasks Quick Create Form" parentDisplayName="Initiative Tasks" id="{455d1376-ed63-ef11-bfe2-001dd808251b}" />
      </MissingDependency>
      <MissingDependency>
        <Required type="66" schemaName="subtil_nunosubtil.PCFHoverOptionSet" displayName="subtil_nunosubtil.PCFHoverOptionSet" solution="HoverOptionSet (1.0)" />
        <Dependent type="60" displayName="Information" parentDisplayName="Initiative Tasks" id="{d86f98b5-f23a-4dfb-9f43-f0adc600d45f}" />
      </MissingDependency>
      <MissingDependency>
        <Required type="9" schemaName="yearlymonth_options" displayName="Month" solution="msdynce_ActivitiesPatch (9.0.24073.240718001)" />
        <Dependent type="2" schemaName="dhms_month" displayName="Month" parentSchemaName="dhms_expensespent" parentDisplayName="Expense Spent" />
      </MissingDependency>
      <MissingDependency>
        <Required type="SettingDefinition" displayName="AppChannel" solution="msdyn_AppFrameworkInfraExtensions (1.0.0.11)" id.uniquename="AppChannel" />
        <Dependent type="AppSetting" displayName="parentappmoduleid.uniquename=dhms_InitiativeAllocationManagement,settingdefinitionid.uniquename=AppChannel" id.parentappmoduleid.uniquename="dhms_InitiativeAllocationManagement" id.settingdefinitionid.uniquename="AppChannel" />
      </MissingDependency>
    </MissingDependencies>
  </SolutionManifest>
</ImportExportXml>