﻿<?xml version="1.0" encoding="utf-8"?>
<forms xmlns:xsi="http://www.w3.org/2001/XMLSchema-instance">
  <systemform>
    <formid>{d86f98b5-f23a-4dfb-9f43-f0adc600d45f}</formid>
    <IntroducedVersion>1.0.0.0</IntroducedVersion>
    <FormPresentation>1</FormPresentation>
    <FormActivationState>1</FormActivationState>
    <form headerdensity="HighWithControls" shownavigationbar="true" showImage="false" maxWidth="1920">
      <tabs>
        <tab verticallayout="true" id="{b33f5093-f9dc-4824-9245-861e1648b5aa}" IsUserDefined="1">
          <labels>
            <label description="General" languagecode="1033" />
          </labels>
          <columns>
            <column width="100%">
              <sections>
                <section showlabel="false" showbar="false" IsUserDefined="0" id="{f640136f-a7ce-4b3d-9781-c8df43582256}" name="Information" columns="111" locklevel="0" labelwidth="130" celllabelalignment="Left" celllabelposition="Left">
                  <labels>
                    <label description="General" languagecode="1033" />
                  </labels>
                  <rows>
                    <row>
                      <cell id="{620a59d7-cd01-4a37-bc7c-9cb5a110c0f1}" locklevel="0" colspan="2" rowspan="1" showlabel="true">
                        <labels>
                          <label description="Initiative Tracker" languagecode="1033" />
                        </labels>
                        <control id="dhms_initiativetracker" classid="{270BD3DB-D9AF-4782-9025-509E298DEC0A}" datafieldname="dhms_initiativetracker" disabled="true" uniqueid="{3a59a68a-4ce0-ced1-7c04-ed5b0e65d7c9}">
                          <parameters>
                            <AutoResolve>true</AutoResolve>
                            <DisableMru>false</DisableMru>
                            <DisableQuickFind>false</DisableQuickFind>
                            <DisableViewPicker>false</DisableViewPicker>
                            <DefaultViewId>{52B345E1-C1E5-44CC-8FA5-6ED745BEDB0B}</DefaultViewId>
                            <AllowFilterOff>false</AllowFilterOff>
                          </parameters>
                        </control>
                      </cell>
                      <cell id="{3708ed87-a17a-6e03-5de8-89181d8641b1}" showlabel="false">
                        <labels>
                          <label description="" languagecode="1033" />
                        </labels>
                      </cell>
                    </row>
                    <row>
                      <cell id="{455e8be4-2442-48a6-8f9f-db810cec5b95}" locklevel="0" colspan="3" rowspan="4" showlabel="true">
                        <labels>
                          <label description="Task Specifics" languagecode="1033" />
                        </labels>
                        <control id="dhms_taskspecifics" classid="{E0DECE4B-6FC8-4A8F-A065-082708572369}" datafieldname="dhms_taskspecifics" disabled="false" uniqueid="{58299806-a251-9620-b686-427ec7e55057}" />
                      </cell>
                    </row>
                    <row />
                    <row />
                    <row />
                    <row>
                      <cell id="{86b78d70-f137-485b-a99b-95a70b0a8104}" locklevel="0" colspan="1" rowspan="1">
                        <labels>
                          <label description="By When" languagecode="1033" />
                        </labels>
                        <control id="dhms_bywhen" classid="{5B773807-9FB2-42DB-97C3-7A91EFF8ADFF}" datafieldname="dhms_bywhen" disabled="false" />
                      </cell>
                      <cell id="{4003f64e-86e2-4de3-80c6-1d7dea551077}" locklevel="0" colspan="1" rowspan="1">
                        <labels>
                          <label description="By Whom" languagecode="1033" />
                        </labels>
                        <control id="dhms_bywhom" classid="{4AA28AB7-9C13-4F57-A73D-AD894D048B5F}" datafieldname="dhms_bywhom" disabled="false" />
                      </cell>
                      <cell id="{6c82762b-dacd-5362-76e9-119853629144}" showlabel="true" locklevel="0">
                        <labels>
                          <label description="Task Status" languagecode="1033" />
                        </labels>
                        <control id="dhms_taskstatus" classid="{3EF39988-22BB-4f0b-BBBE-64B5A3748AEE}" datafieldname="dhms_taskstatus" disabled="false" />
                      </cell>
                    </row>
                    <row>
                      <cell id="{a4d762e6-d969-0b69-d05a-6854d13b4d17}" showlabel="true" locklevel="0">
                        <labels>
                          <label description="Completed On" languagecode="1033" />
                        </labels>
                        <control id="dhms_completedon" classid="{5B773807-9FB2-42db-97C3-7A91EFF8ADFF}" datafieldname="dhms_completedon" disabled="false" />
                      </cell>
                      <cell id="{90edc87e-43cc-2e00-b1ea-9d104dc65587}" showlabel="false">
                        <labels>
                          <label description="" languagecode="1033" />
                        </labels>
                      </cell>
                      <cell id="{cc727099-ca5e-58a9-1cde-4565b00dbcdb}" showlabel="false">
                        <labels>
                          <label description="" languagecode="1033" />
                        </labels>
                      </cell>
                    </row>
                    <row>
                      <cell id="{95369ed5-52e6-4b46-a013-be42a77ae7ca}" locklevel="0" colspan="3" rowspan="1" showlabel="true">
                        <labels>
                          <label description="Comments" languagecode="1033" />
                        </labels>
                        <control id="dhms_comments" classid="{E0DECE4B-6FC8-4A8F-A065-082708572369}" datafieldname="dhms_comments" disabled="false" uniqueid="{a13649b3-967e-1178-a5b9-c4448c1e166d}" />
                      </cell>
                    </row>
                    <row>
                      <cell id="{24235fc8-cc11-446b-b727-f979fa492565}" visible="false">
                        <labels>
                          <label description="Owner" languagecode="1033" />
                        </labels>
                        <control id="ownerid" classid="{270BD3DB-D9AF-4782-9025-509E298DEC0A}" datafieldname="ownerid" />
                      </cell>
                      <cell id="{9525782b-b976-6942-c210-9931ab5828ba}" showlabel="false">
                        <labels>
                          <label description="" languagecode="1033" />
                        </labels>
                      </cell>
                      <cell id="{9ca1ab67-3429-3ea1-b326-1cda7ce687cc}" showlabel="false">
                        <labels>
                          <label description="" languagecode="1033" />
                        </labels>
                      </cell>
                    </row>
                  </rows>
                </section>
              </sections>
            </column>
          </columns>
        </tab>
      </tabs>
      <header id="{cb8c0095-984d-4fad-81b3-208078b39cc3}" celllabelposition="Top" columns="111" labelwidth="115" celllabelalignment="Left">
        <rows>
          <row>
            <cell id="{32b3dee0-8d17-46b9-a294-e92561fbf00a}" showlabel="false">
              <labels>
                <label description="" languagecode="1033" />
              </labels>
            </cell>
            <cell id="{546eb937-72fe-4750-ac29-f1bda040b1a1}" showlabel="false">
              <labels>
                <label description="" languagecode="1033" />
              </labels>
            </cell>
            <cell id="{d8b627bf-78f7-42f9-96ab-92f62780d26a}" showlabel="false">
              <labels>
                <label description="" languagecode="1033" />
              </labels>
            </cell>
          </row>
        </rows>
      </header>
      <footer id="{26b18f31-bd5c-451a-8e28-90833316fbcc}" celllabelposition="Top" columns="111" labelwidth="115" celllabelalignment="Left">
        <rows>
          <row>
            <cell id="{73b80c7a-6744-40e9-b2c9-d25d1a632370}" showlabel="false">
              <labels>
                <label description="" languagecode="1033" />
              </labels>
            </cell>
            <cell id="{c538155b-6409-44a7-9387-abcb175f1fe9}" showlabel="false">
              <labels>
                <label description="" languagecode="1033" />
              </labels>
            </cell>
            <cell id="{c52ff8fb-9aaa-4bce-aca2-906f99f04544}" showlabel="false">
              <labels>
                <label description="" languagecode="1033" />
              </labels>
            </cell>
          </row>
        </rows>
      </footer>
      <controlDescriptions>
        <controlDescription forControl="{9bfe969a-31b2-4b9a-bb26-8129f7808475}">
          <customControl id="{3EF39988-22BB-4F0B-BBBE-64B5A3748AEE}" formFactor="0">
            <parameters>
              <datafieldname>dhms_taskstatus</datafieldname>
            </parameters>
          </customControl>
          <customControl id="{3EF39988-22BB-4F0B-BBBE-64B5A3748AEE}" formFactor="1">
            <parameters>
              <datafieldname>dhms_taskstatus</datafieldname>
            </parameters>
          </customControl>
          <customControl id="{3EF39988-22BB-4F0B-BBBE-64B5A3748AEE}" formFactor="2">
            <parameters>
              <datafieldname>dhms_taskstatus</datafieldname>
            </parameters>
          </customControl>
          <customControl name="subtil_nunosubtil.PCFHoverOptionSet" formFactor="-1">
            <parameters>
              <optionsetFieldControl>dhms_taskstatus</optionsetFieldControl>
            </parameters>
          </customControl>
        </controlDescription>
      </controlDescriptions>
      <Navigation>
        <NavBar></NavBar>
        <NavBarAreas>
          <NavBarArea Id="Info">
            <Titles>
              <Title LCID="1033" Text="Common" />
            </Titles>
          </NavBarArea>
          <NavBarArea Id="Sales">
            <Titles>
              <Title LCID="1033" Text="Sales" />
            </Titles>
          </NavBarArea>
          <NavBarArea Id="Service">
            <Titles>
              <Title LCID="1033" Text="Service" />
            </Titles>
          </NavBarArea>
          <NavBarArea Id="Marketing">
            <Titles>
              <Title LCID="1033" Text="Marketing" />
            </Titles>
          </NavBarArea>
          <NavBarArea Id="ProcessCenter">
            <Titles>
              <Title LCID="1033" Text="Process Sessions" />
            </Titles>
          </NavBarArea>
        </NavBarAreas>
      </Navigation>
      <formLibraries>
        <Library name="dhms_TaskStatusRadioButtons" libraryUniqueId="{69d604ac-c96a-5130-e419-d74c21332e71}" />
      </formLibraries>
      <events>
        <event name="onload" application="false" active="false">
          <Handlers>
            <Handler functionName="setTaskStatusRadioButtons" libraryName="dhms_TaskStatusRadioButtons" handlerUniqueId="{b63d9d14-9857-a046-5eab-21714e267d60}" enabled="true" parameters="" passExecutionContext="true" />
          </Handlers>
        </event>
      </events>
      <DisplayConditions Order="0" FallbackForm="true">
        <Everyone />
      </DisplayConditions>
    </form>
    <IsCustomizable>1</IsCustomizable>
    <CanBeDeleted>1</CanBeDeleted>
    <LocalizedNames>
      <LocalizedName description="Information" languagecode="1033" />
    </LocalizedNames>
    <Descriptions>
      <Description description="A form for this entity." languagecode="1033" />
    </Descriptions>
  </systemform>
</forms>