﻿<?xml version="1.0" encoding="utf-8"?>
<RibbonDiffXml xmlns:xsi="http://www.w3.org/2001/XMLSchema-instance">
  <CustomActions>
    <HideCustomAction HideActionId="dhms.AccessChecker.OpenDialog.dhms_contract.Button.Hide" Location="AccessChecker.OpenDialog.dhms_contract.Button" />
    <HideCustomAction HideActionId="dhms.Mscrm.Form.dhms_contract.Activate.Hide" Location="Mscrm.Form.dhms_contract.Activate" />
    <HideCustomAction HideActionId="dhms.Mscrm.Form.dhms_contract.Assign.Hide" Location="Mscrm.Form.dhms_contract.Assign" />
    <HideCustomAction HideActionId="dhms.Mscrm.Form.dhms_contract.Deactivate.Hide" Location="Mscrm.Form.dhms_contract.Deactivate" />
    <HideCustomAction HideActionId="dhms.Mscrm.Form.dhms_contract.Delete.Hide" Location="Mscrm.Form.dhms_contract.Delete" />
    <HideCustomAction HideActionId="dhms.Mscrm.Form.dhms_contract.Flows.RefreshCommandBar.Flows.Hide" Location="Mscrm.Form.dhms_contract.Flows.RefreshCommandBar.Flows" />
    <HideCustomAction HideActionId="dhms.Mscrm.Form.dhms_contract.Flows.RefreshCommandBar.Hide" Location="Mscrm.Form.dhms_contract.Flows.RefreshCommandBar" />
    <HideCustomAction HideActionId="dhms.Mscrm.Form.dhms_contract.NewRecord.Hide" Location="Mscrm.Form.dhms_contract.NewRecord" />
    <HideCustomAction HideActionId="dhms.Mscrm.Form.dhms_contract.NewRecordForBPFEntity.Hide" Location="Mscrm.Form.dhms_contract.NewRecordForBPFEntity" />
    <HideCustomAction HideActionId="dhms.Mscrm.Form.dhms_contract.OpenActiveStage.Hide" Location="Mscrm.Form.dhms_contract.OpenActiveStage" />
    <HideCustomAction HideActionId="dhms.Mscrm.Form.dhms_contract.PDFButtonId.Hide" Location="Mscrm.Form.dhms_contract.PDFButtonId" />
    <HideCustomAction HideActionId="dhms.Mscrm.Form.dhms_contract.RefreshModernButton.Hide" Location="Mscrm.Form.dhms_contract.RefreshModernButton" />
    <HideCustomAction HideActionId="dhms.Mscrm.Form.dhms_contract.Reports.Hide" Location="Mscrm.Form.dhms_contract.Reports" />
    <HideCustomAction HideActionId="dhms.Mscrm.Form.dhms_contract.SaveAndNew.Hide" Location="Mscrm.Form.dhms_contract.SaveAndNew" />
    <HideCustomAction HideActionId="dhms.Mscrm.Form.dhms_contract.WordTemplate.Hide" Location="Mscrm.Form.dhms_contract.WordTemplate" />
    <HideCustomAction HideActionId="dhms.Mscrm.HomepageGrid.dhms_contract.Activate.Hide" Location="Mscrm.HomepageGrid.dhms_contract.Activate" />
    <HideCustomAction HideActionId="dhms.Mscrm.HomepageGrid.dhms_contract.Assign.Hide" Location="Mscrm.HomepageGrid.dhms_contract.Assign" />
    <HideCustomAction HideActionId="dhms.Mscrm.HomepageGrid.dhms_contract.ChangeDataSetControlButton.Hide" Location="Mscrm.HomepageGrid.dhms_contract.ChangeDataSetControlButton" />
    <HideCustomAction HideActionId="dhms.Mscrm.HomepageGrid.dhms_contract.Deactivate.Hide" Location="Mscrm.HomepageGrid.dhms_contract.Deactivate" />
    <HideCustomAction HideActionId="dhms.Mscrm.HomepageGrid.dhms_contract.DeleteMenu.Hide" Location="Mscrm.HomepageGrid.dhms_contract.DeleteMenu" />
    <HideCustomAction HideActionId="dhms.Mscrm.HomepageGrid.dhms_contract.Detect.Hide" Location="Mscrm.HomepageGrid.dhms_contract.Detect" />
    <HideCustomAction HideActionId="dhms.Mscrm.HomepageGrid.dhms_contract.Edit.Hide" Location="Mscrm.HomepageGrid.dhms_contract.Edit" />
    <HideCustomAction HideActionId="dhms.Mscrm.HomepageGrid.dhms_contract.Flows.RefreshCommandBar.Flows.Hide" Location="Mscrm.HomepageGrid.dhms_contract.Flows.RefreshCommandBar.Flows" />
    <HideCustomAction HideActionId="dhms.Mscrm.HomepageGrid.dhms_contract.Flows.RefreshCommandBar.Hide" Location="Mscrm.HomepageGrid.dhms_contract.Flows.RefreshCommandBar" />
    <HideCustomAction HideActionId="dhms.Mscrm.HomepageGrid.dhms_contract.MainTab.QuickPowerBI.Button.Hide" Location="Mscrm.HomepageGrid.dhms_contract.MainTab.QuickPowerBI.Button" />
    <HideCustomAction HideActionId="dhms.Mscrm.HomepageGrid.dhms_contract.NavigateToHomepageGrid.Hide" Location="Mscrm.HomepageGrid.dhms_contract.NavigateToHomepageGrid" />
    <HideCustomAction HideActionId="dhms.Mscrm.HomepageGrid.dhms_contract.OpenActiveStage.Hide" Location="Mscrm.HomepageGrid.dhms_contract.OpenActiveStage" />
    <HideCustomAction HideActionId="dhms.Mscrm.HomepageGrid.dhms_contract.OpenRecordInSidePane.Hide" Location="Mscrm.HomepageGrid.dhms_contract.OpenRecordInSidePane" />
    <HideCustomAction HideActionId="dhms.Mscrm.HomepageGrid.dhms_contract.RefreshModernButton.Hide" Location="Mscrm.HomepageGrid.dhms_contract.RefreshModernButton" />
    <HideCustomAction HideActionId="dhms.Mscrm.HomepageGrid.dhms_contract.RunScript.Hide" Location="Mscrm.HomepageGrid.dhms_contract.RunScript" />
    <HideCustomAction HideActionId="dhms.Mscrm.HomepageGrid.dhms_contract.RunWorkflow.Hide" Location="Mscrm.HomepageGrid.dhms_contract.RunWorkflow" />
    <HideCustomAction HideActionId="dhms.Mscrm.HomepageGrid.dhms_contract.Sharing.Hide" Location="Mscrm.HomepageGrid.dhms_contract.Sharing" />
    <HideCustomAction HideActionId="dhms.Mscrm.HomepageGrid.dhms_contract.ViewHierarchy.Hide" Location="Mscrm.HomepageGrid.dhms_contract.ViewHierarchy" />
    <HideCustomAction HideActionId="dhms.Mscrm.SubGrid.dhms_contract.Activate.Hide" Location="Mscrm.SubGrid.dhms_contract.Activate" />
    <HideCustomAction HideActionId="dhms.Mscrm.SubGrid.dhms_contract.AddExistingAssoc.Hide" Location="Mscrm.SubGrid.dhms_contract.AddExistingAssoc" />
    <HideCustomAction HideActionId="dhms.Mscrm.SubGrid.dhms_contract.AddExistingStandard.Hide" Location="Mscrm.SubGrid.dhms_contract.AddExistingStandard" />
    <HideCustomAction HideActionId="dhms.Mscrm.SubGrid.dhms_contract.Assign.Hide" Location="Mscrm.SubGrid.dhms_contract.Assign" />
    <HideCustomAction HideActionId="dhms.Mscrm.SubGrid.dhms_contract.AssociateParentChildCase.Hide" Location="Mscrm.SubGrid.dhms_contract.AssociateParentChildCase" />
    <HideCustomAction HideActionId="dhms.Mscrm.SubGrid.dhms_contract.BulkDelete.Hide" Location="Mscrm.SubGrid.dhms_contract.BulkDelete" />
    <HideCustomAction HideActionId="dhms.Mscrm.SubGrid.dhms_contract.ChangeDataSetControlButton.Hide" Location="Mscrm.SubGrid.dhms_contract.ChangeDataSetControlButton" />
    <HideCustomAction HideActionId="dhms.Mscrm.SubGrid.dhms_contract.Deactivate.Hide" Location="Mscrm.SubGrid.dhms_contract.Deactivate" />
    <HideCustomAction HideActionId="dhms.Mscrm.SubGrid.dhms_contract.Delete.Hide" Location="Mscrm.SubGrid.dhms_contract.Delete" />
    <HideCustomAction HideActionId="dhms.Mscrm.SubGrid.dhms_contract.DocumentTemplate.Hide" Location="Mscrm.SubGrid.dhms_contract.DocumentTemplate" />
    <HideCustomAction HideActionId="dhms.Mscrm.SubGrid.dhms_contract.Edit.Hide" Location="Mscrm.SubGrid.dhms_contract.Edit" />
    <HideCustomAction HideActionId="dhms.Mscrm.SubGrid.dhms_contract.ExportSelectedToExcel.Hide" Location="Mscrm.SubGrid.dhms_contract.ExportSelectedToExcel" />
    <HideCustomAction HideActionId="dhms.Mscrm.SubGrid.dhms_contract.ExportToExcel.Hide" Location="Mscrm.SubGrid.dhms_contract.ExportToExcel" />
    <HideCustomAction HideActionId="dhms.Mscrm.SubGrid.dhms_contract.Flows.RefreshCommandBar.Hide" Location="Mscrm.SubGrid.dhms_contract.Flows.RefreshCommandBar" />
    <HideCustomAction HideActionId="dhms.Mscrm.SubGrid.dhms_contract.OpenAssociatedGridViewStandard.Hide" Location="Mscrm.SubGrid.dhms_contract.OpenAssociatedGridViewStandard" />
    <HideCustomAction HideActionId="dhms.Mscrm.SubGrid.dhms_contract.RefreshButton.Hide" Location="Mscrm.SubGrid.dhms_contract.RefreshButton" />
    <HideCustomAction HideActionId="dhms.Mscrm.SubGrid.dhms_contract.Remove.Hide" Location="Mscrm.SubGrid.dhms_contract.Remove" />
    <HideCustomAction HideActionId="dhms.Mscrm.SubGrid.dhms_contract.RunReport.Hide" Location="Mscrm.SubGrid.dhms_contract.RunReport" />
    <HideCustomAction HideActionId="dhms.Mscrm.SubGrid.dhms_contract.RunWorkflow.Hide" Location="Mscrm.SubGrid.dhms_contract.RunWorkflow" />
    <HideCustomAction HideActionId="dhms.Mscrm.SubGrid.dhms_contract.SendSelected.Hide" Location="Mscrm.SubGrid.dhms_contract.SendSelected" />
    <HideCustomAction HideActionId="dhms.Mscrm.SubGrid.dhms_contract.Sharing.Hide" Location="Mscrm.SubGrid.dhms_contract.Sharing" />
    <HideCustomAction HideActionId="dhms.Mscrm.SubGrid.dhms_contract.WordTemplate.Hide" Location="Mscrm.SubGrid.dhms_contract.WordTemplate" />
  </CustomActions>
  <Templates>
    <RibbonTemplates Id="Mscrm.Templates"></RibbonTemplates>
  </Templates>
  <CommandDefinitions />
  <RuleDefinitions>
    <TabDisplayRules />
    <DisplayRules />
    <EnableRules />
  </RuleDefinitions>
  <LocLabels />
</RibbonDiffXml>