﻿<?xml version="1.0" encoding="utf-8"?>
<forms xmlns:xsi="http://www.w3.org/2001/XMLSchema-instance">
  <systemform>
    <formid>{cc61ad08-7460-ef11-bfe3-001dd8083a32}</formid>
    <IntroducedVersion>1.0.0.0</IntroducedVersion>
    <FormPresentation>1</FormPresentation>
    <FormActivationState>1</FormActivationState>
    <form>
      <tabs>
        <tab id="F931FFE2-B873-473F-8F95-9502F0AA3F5E" name="tab_1" showlabel="false" labelid="{35f091ae-81b5-4e5b-b5c6-8d923dcfb239}">
          <labels>
            <label description="New Tab" languagecode="1033" />
          </labels>
          <columns>
            <column width="34%">
              <sections>
                <section id="0C655D4E-C6E3-424E-9AF5-71E72D30D12E" name="tab_1_column_1_section_1" columns="1" showlabel="false" showbar="false" IsUserDefined="0" labelwidth="130" labelid="{b8fd266e-b1a9-4442-a574-8243e8345e36}" celllabelposition="Top">
                  <labels>
                    <label description="Quick Create Expense Spent" languagecode="1033" />
                  </labels>
                  <rows>
                    <row>
                      <cell id="{e2e1e027-b0a2-4115-acfe-d206623d2103}" locklevel="0" colspan="1" rowspan="1">
                        <labels>
                          <label description="Initiative Name" languagecode="1033" />
                        </labels>
                        <control id="dhms_initiativetracker" classid="{270BD3DB-D9AF-4782-9025-509E298DEC0A}" datafieldname="dhms_initiativetracker" disabled="true" />
                      </cell>
                    </row>
                    <row>
                      <cell id="{11c69fd8-1884-4111-a643-34d78b08938f}" locklevel="0" colspan="1" rowspan="1">
                        <labels>
                          <label description="Projected Monthly Spent On" languagecode="1033" />
                        </labels>
                        <control id="dhms_projectedmonthlyspenton" classid="{F9A8A302-114E-466A-B582-6771B2AE0D92}" datafieldname="dhms_projectedmonthlyspenton" disabled="false" uniqueid="{6dcc38d9-b893-47f8-a966-2ebbe7e6aa6a}" />
                      </cell>
                    </row>
                    <row>
                      <cell id="{45972132-010c-4e53-b81a-98a98658137c}" locklevel="0" colspan="1" rowspan="1" labelid="{dfb6ad8d-665a-4097-8770-a851410fb3ae}">
                        <labels>
                          <label description="Year" languagecode="1033" />
                        </labels>
                        <control id="dhms_year" classid="{3EF39988-22BB-4F0B-BBBE-64B5A3748AEE}" datafieldname="dhms_year" disabled="false" />
                      </cell>
                    </row>
                    <row>
                      <cell id="{cad49198-3052-44e0-b41a-2ab5bc2f6613}" locklevel="0" colspan="1" rowspan="1">
                        <labels>
                          <label description="JAN Amount" languagecode="1033" />
                        </labels>
                        <control id="dhms_janamount" classid="{533B9E00-756B-4312-95A0-DC888637AC78}" datafieldname="dhms_janamount" disabled="false" />
                      </cell>
                    </row>
                    <row>
                      <cell id="{eef6e24f-304f-4d29-9af6-1f96b6b06ba7}" locklevel="0" colspan="1" rowspan="1">
                        <labels>
                          <label description="FEB Amount" languagecode="1033" />
                        </labels>
                        <control id="dhms_febamount" classid="{533B9E00-756B-4312-95A0-DC888637AC78}" datafieldname="dhms_febamount" disabled="false" />
                      </cell>
                    </row>
                    <row>
                      <cell id="{5e2a697d-7b2c-4a50-b618-d3de1f407cab}" locklevel="0" colspan="1" rowspan="1">
                        <labels>
                          <label description="MAR Amount" languagecode="1033" />
                        </labels>
                        <control id="dhms_maramount" classid="{533B9E00-756B-4312-95A0-DC888637AC78}" datafieldname="dhms_maramount" disabled="false" />
                      </cell>
                    </row>
                    <row>
                      <cell id="{6e032fa1-379c-4b98-ae4f-7687a04c5a5a}" locklevel="0" colspan="1" rowspan="1">
                        <labels>
                          <label description="APR Amount" languagecode="1033" />
                        </labels>
                        <control id="dhms_apramount" classid="{533B9E00-756B-4312-95A0-DC888637AC78}" datafieldname="dhms_apramount" disabled="false" />
                      </cell>
                    </row>
                    <row>
                      <cell id="{4f5cca96-7bf4-44b5-994e-d111a5b6ecfd}" locklevel="0" colspan="1" rowspan="1">
                        <labels>
                          <label description="MAY Amount" languagecode="1033" />
                        </labels>
                        <control id="dhms_mayamount" classid="{533B9E00-756B-4312-95A0-DC888637AC78}" datafieldname="dhms_mayamount" disabled="false" />
                      </cell>
                    </row>
                    <row>
                      <cell id="{4229c191-f1b3-48af-ab5e-d7a5b34fa907}" locklevel="0" colspan="1" rowspan="1">
                        <labels>
                          <label description="JUN Amount" languagecode="1033" />
                        </labels>
                        <control id="dhms_junamount" classid="{533B9E00-756B-4312-95A0-DC888637AC78}" datafieldname="dhms_junamount" disabled="false" />
                      </cell>
                    </row>
                    <row>
                      <cell id="{ba4fac65-ff62-4541-802c-08a7ccafaf06}" locklevel="0" colspan="1" rowspan="1">
                        <labels>
                          <label description="JULY Amount" languagecode="1033" />
                        </labels>
                        <control id="dhms_julyamount" classid="{533B9E00-756B-4312-95A0-DC888637AC78}" datafieldname="dhms_julyamount" disabled="false" />
                      </cell>
                    </row>
                    <row>
                      <cell id="{06f02272-ca4c-4fe1-b5a3-0e99a75a709d}" locklevel="0" colspan="1" rowspan="1">
                        <labels>
                          <label description="AUG Amount" languagecode="1033" />
                        </labels>
                        <control id="dhms_augamount" classid="{533B9E00-756B-4312-95A0-DC888637AC78}" datafieldname="dhms_augamount" disabled="false" />
                      </cell>
                    </row>
                    <row>
                      <cell id="{028d81a8-bb8d-486d-9887-08392c3f2656}" locklevel="0" colspan="1" rowspan="1">
                        <labels>
                          <label description="SEPT Amount" languagecode="1033" />
                        </labels>
                        <control id="dhms_septamount" classid="{533B9E00-756B-4312-95A0-DC888637AC78}" datafieldname="dhms_septamount" disabled="false" />
                      </cell>
                    </row>
                    <row>
                      <cell id="{7360c8d3-2900-4c2f-92b3-04f093fe6da3}" locklevel="0" colspan="1" rowspan="1">
                        <labels>
                          <label description="OCT Amount" languagecode="1033" />
                        </labels>
                        <control id="dhms_octamount" classid="{533B9E00-756B-4312-95A0-DC888637AC78}" datafieldname="dhms_octamount" disabled="false" />
                      </cell>
                    </row>
                    <row>
                      <cell id="{e2c10cfc-e5e7-45f5-8e13-cb8c5811c8e5}" locklevel="0" colspan="1" rowspan="1">
                        <labels>
                          <label description="NOV Amount" languagecode="1033" />
                        </labels>
                        <control id="dhms_novamount" classid="{533B9E00-756B-4312-95A0-DC888637AC78}" datafieldname="dhms_novamount" disabled="false" />
                      </cell>
                    </row>
                    <row>
                      <cell id="{433dddd5-75bd-4064-9989-7f1993f1e14f}" locklevel="0" colspan="1" rowspan="1">
                        <labels>
                          <label description="DEC Amount" languagecode="1033" />
                        </labels>
                        <control id="dhms_decamount" classid="{533B9E00-756B-4312-95A0-DC888637AC78}" datafieldname="dhms_decamount" disabled="false" />
                      </cell>
                    </row>
                  </rows>
                </section>
              </sections>
            </column>
            <column width="33%">
              <sections>
                <section id="02DECBA0-3AE2-484D-A19F-C5353AF4F4F2" name="tab_1_column_2_section_1" columns="1" showlabel="true" showbar="false" IsUserDefined="0" labelwidth="130" visible="false" labelid="{3799bdb2-eb2d-4529-a141-502598b94460}">
                  <labels>
                    <label description="New Section" languagecode="1033" />
                  </labels>
                  <rows>
                    <row>
                      <cell id="266FE48D-4D04-4E9A-8C5A-7DEF9A2F059B" labelid="{a32300f6-8b8e-48f7-9ae6-e86ad592ecb7}" showlabel="false">
                        <labels>
                          <label description="" languagecode="1033" />
                        </labels>
                      </cell>
                    </row>
                  </rows>
                </section>
              </sections>
            </column>
            <column width="33%">
              <sections>
                <section id="46FD66EA-B686-41D9-AAE0-C565BD78EC1F" name="tab_1_column_3_section_1" columns="1" showlabel="true" showbar="false" IsUserDefined="0" labelwidth="130" visible="false" labelid="{de1d80fd-05df-4016-bc85-9aa45f175fa1}">
                  <labels>
                    <label description="New Section" languagecode="1033" />
                  </labels>
                  <rows>
                    <row>
                      <cell id="07C04A4E-A482-45CC-BAB7-7FCA3CD02938" labelid="{2d92e3fb-9e25-4007-a2c1-ec85ce31087a}" showlabel="false">
                        <labels>
                          <label description="" languagecode="1033" />
                        </labels>
                      </cell>
                    </row>
                  </rows>
                </section>
              </sections>
            </column>
          </columns>
        </tab>
      </tabs>
      <controlDescriptions>
        <controlDescription forControl="{6dcc38d9-b893-47f8-a966-2ebbe7e6aa6a}">
          <customControl id="{3EF39988-22BB-4F0B-BBBE-64B5A3748AEE}">
            <parameters>
              <datafieldname>dhms_projectedmonthlyspenton</datafieldname>
            </parameters>
          </customControl>
          <customControl formFactor="0" name="MscrmControls.OptionSet.OptionSetControl">
            <parameters>
              <value type="OptionSet">dhms_projectedmonthlyspenton</value>
            </parameters>
          </customControl>
          <customControl formFactor="2" name="MscrmControls.OptionSet.OptionSetControl">
            <parameters>
              <value type="OptionSet">dhms_projectedmonthlyspenton</value>
            </parameters>
          </customControl>
          <customControl formFactor="1" name="MscrmControls.OptionSet.OptionSetControl">
            <parameters>
              <value type="OptionSet">dhms_projectedmonthlyspenton</value>
            </parameters>
          </customControl>
        </controlDescription>
      </controlDescriptions>
      <DisplayConditions Order="0" FallbackForm="true">
        <Role Id="{627090ff-40a3-4053-8790-584edc5be201}" />
        <Role Id="{119f245c-3cc8-4b62-b31c-d1a046ced15d}" />
      </DisplayConditions>
    </form>
    <IsCustomizable>1</IsCustomizable>
    <CanBeDeleted>1</CanBeDeleted>
    <LocalizedNames>
      <LocalizedName description="Expense Spent Quick Create Form" languagecode="1033" />
    </LocalizedNames>
  </systemform>
</forms>