{
  "properties": {
    "connectionReferences": {
      "shared_commondataserviceforapps": {
        "runtimeSource": "embedded",
        "connection": {
          "connectionReferenceLogicalName": "dhms_sharedcommondataserviceforapps_10ba5"
        },
        "api": {
          "name": "shared_commondataserviceforapps"
        }
      },
      "shared_office365users": {
        "runtimeSource": "embedded",
        "connection": {
          "connectionReferenceLogicalName": "dhms_sharedoffice365users_7c4ed"
        },
        "api": {
          "name": "shared_office365users"
        }
      },
      "shared_office365groups": {
        "runtimeSource": "embedded",
        "connection": {
          "connectionReferenceLogicalName": "dhms_sharedoffice365groups_64dab"
        },
        "api": {
          "name": "shared_office365groups"
        }
      }
    },
    "definition": {
      "$schema": "https://schema.management.azure.com/providers/Microsoft.Logic/schemas/2016-06-01/workflowdefinition.json#",
      "contentVersion": "1.0.0.0",
      "parameters": {
        "$connections": {
          "defaultValue": {},
          "type": "Object"
        },
        "$authentication": {
          "defaultValue": {},
          "type": "SecureObject"
        }
      },
      "triggers": {
        "When_a_group_member_is_added_or_removed": {
          "recurrence": {
            "interval": 1,
            "frequency": "Minute"
          },
          "splitOn": "@triggerOutputs()?['body']",
          "metadata": {
            "operationMetadataId": "35cd1fb6-ad93-479d-9c08-9331e696f62b"
          },
          "type": "OpenApiConnection",
          "inputs": {
            "host": {
              "connectionName": "shared_office365groups",
              "operationId": "OnGroupMembershipChange",
              "apiId": "/providers/Microsoft.PowerApps/apis/shared_office365groups"
            },
            "parameters": {
              "groupId": "c3ad2e27-98b7-4db4-ac2e-966c1819eada"
            },
            "authentication": "@parameters('$authentication')"
          }
        }
      },
      "actions": {
        "Condition": {
          "actions": {
            "Unbound_Action_to_Delete_Employee_from_Option_Set": {
              "runAfter": {},
              "metadata": {
                "operationMetadataId": "3267a1a0-5eb4-4980-a8dd-5b646ca9af73"
              },
              "type": "OpenApiConnection",
              "inputs": {
                "host": {
                  "connectionName": "shared_commondataserviceforapps",
                  "operationId": "PerformUnboundAction",
                  "apiId": "/providers/Microsoft.PowerApps/apis/shared_commondataserviceforapps"
                },
                "parameters": {
                  "actionName": "DeleteOptionValue",
                  "item/OptionSetName": "dhms_initiativemanageroptions"
                },
                "authentication": "@parameters('$authentication')"
              }
            }
          },
          "runAfter": {
            "Get_user_profile_(V2)": [
              "Succeeded"
            ]
          },
          "else": {
            "actions": {
              "Unbound_Action_to_add_new_Employee_to_Option_Set": {
                "runAfter": {},
                "metadata": {
                  "operationMetadataId": "aa4fe73d-b706-46a5-91b9-4fd8b6b98894"
                },
                "type": "OpenApiConnection",
                "inputs": {
                  "host": {
                    "connectionName": "shared_commondataserviceforapps",
                    "operationId": "PerformUnboundAction",
                    "apiId": "/providers/Microsoft.PowerApps/apis/shared_commondataserviceforapps"
                  },
                  "parameters": {
                    "actionName": "InsertOptionValue",
                    "item/OptionSetName": "dhms_initiativemanageroptions",
                    "item/Label": {
                      "LocalizedLabels": [
                        {
                          "Label": "@outputs('Get_user_profile_(V2)')?['body/displayName']",
                          "LanguageCode": 1033
                        }
                      ]
                    }
                  },
                  "authentication": "@parameters('$authentication')"
                }
              }
            }
          },
          "expression": {
            "equals": [
              "@triggerOutputs()?['body/@removed/reason']",
              "deleted"
            ]
          },
          "metadata": {
            "operationMetadataId": "25087a21-ec15-4385-8539-37596ce3a82c"
          },
          "type": "If"
        },
        "Get_user_profile_(V2)": {
          "runAfter": {},
          "metadata": {
            "operationMetadataId": "49eed2ef-bd39-445d-9155-d45d81284301"
          },
          "type": "OpenApiConnection",
          "inputs": {
            "host": {
              "connectionName": "shared_office365users",
              "operationId": "UserProfile_V2",
              "apiId": "/providers/Microsoft.PowerApps/apis/shared_office365users"
            },
            "parameters": {
              "id": "@triggerOutputs()?['body/id']"
            },
            "authentication": "@parameters('$authentication')"
          }
        }
      }
    },
    "templateName": ""
  },
  "schemaVersion": "1.0.0.0"
}