{
  "properties": {
    "connectionReferences": {
      "shared_excelonlinebusiness": {
        "runtimeSource": "embedded",
        "connection": {
          "connectionReferenceLogicalName": "dhms_sharedexcelonlinebusiness_f78ec"
        },
        "api": {
          "name": "shared_excelonlinebusiness"
        }
      },
      "shared_webcontents": {
        "runtimeSource": "embedded",
        "connection": {
          "connectionReferenceLogicalName": "dhms_sharedwebcontents_9b601"
        },
        "api": {
          "name": "shared_webcontents"
        }
      },
      "shared_commondataserviceforapps": {
        "runtimeSource": "embedded",
        "connection": {
          "connectionReferenceLogicalName": "dhms_sharedcommondataserviceforapps_e1d96"
        },
        "api": {
          "name": "shared_commondataserviceforapps"
        }
      },
      "shared_commondataserviceforapps_1": {
        "runtimeSource": "embedded",
        "connection": {
          "connectionReferenceLogicalName": "dhms_sharedcommondataserviceforapps_10ba5"
        },
        "api": {
          "name": "shared_commondataserviceforapps"
        }
      },
      "shared_office365": {
        "runtimeSource": "embedded",
        "connection": {
          "connectionReferenceLogicalName": "dhms_sharedoffice365_f70a4"
        },
        "api": {
          "name": "shared_office365"
        }
      },
      "shared_sharepointonline": {
        "runtimeSource": "embedded",
        "connection": {
          "connectionReferenceLogicalName": "dhms_sharedsharepointonline_b515b"
        },
        "api": {
          "name": "shared_sharepointonline"
        }
      }
    },
    "definition": {
      "$schema": "https://schema.management.azure.com/providers/Microsoft.Logic/schemas/2016-06-01/workflowdefinition.json#",
      "contentVersion": "1.0.0.0",
      "parameters": {
        "$connections": {
          "defaultValue": {},
          "type": "Object"
        },
        "$authentication": {
          "defaultValue": {},
          "type": "SecureObject"
        }
      },
      "triggers": {
        "When_a_file_is_created_or_modified_(properties_only)": {
          "recurrence": {
            "interval": 1,
            "frequency": "Minute"
          },
          "splitOn": "@triggerOutputs()?['body/value']",
          "metadata": {
            "operationMetadataId": "7b1f5190-6dc0-4c01-8621-14cdb7f46cc8"
          },
          "type": "OpenApiConnection",
          "inputs": {
            "host": {
              "connectionName": "shared_sharepointonline",
              "operationId": "GetOnUpdatedFileItems",
              "apiId": "/providers/Microsoft.PowerApps/apis/shared_sharepointonline"
            },
            "parameters": {
              "dataset": "https://njdhs.sharepoint.com/sites/dmhas/MHSteamsite/ois/ad",
              "table": "ed0c8328-d054-40a4-b66a-fbea601e6384",
              "folderPath": "/Excel Data Extract/Data"
            },
            "authentication": "@parameters('$authentication')"
          }
        }
      },
      "actions": {
        "Run_script_from_SharePoint_library": {
          "runAfter": {},
          "metadata": {
            "01ZBW5EQA732SRUS5P3BBYGKHITEZAKVLU": "/Script/FetchInitiativeData.osts",
            "operationMetadataId": "5cc971cd-b5b5-40f6-b8ed-67d74f039748",
            "tableId": null
          },
          "type": "OpenApiConnection",
          "inputs": {
            "host": {
              "connectionName": "shared_excelonlinebusiness",
              "operationId": "RunScriptProdV2",
              "apiId": "/providers/Microsoft.PowerApps/apis/shared_excelonlinebusiness"
            },
            "parameters": {
              "source": "sites/njdhs.sharepoint.com,7ff5ce72-789c-4f80-ba54-84f8b73b1146,af5b443c-a6d0-46a9-8168-b85a2e2ccf74",
              "drive": "b!cs71f5x4gE-6VIT4tzsRRjxEW6_QpqlGgWi4Wi4sz3QogwztVNCkQLZq--pgHmOE",
              "file": "@triggerOutputs()?['body/{Identifier}']",
              "scriptSource": "sites/njdhs.sharepoint.com,7ff5ce72-789c-4f80-ba54-84f8b73b1146,af5b443c-a6d0-46a9-8168-b85a2e2ccf74",
              "scriptDrive": "b!cs71f5x4gE-6VIT4tzsRRjxEW6_QpqlGgWi4Wi4sz3QogwztVNCkQLZq--pgHmOE",
              "scriptId": "01ZBW5EQA732SRUS5P3BBYGKHITEZAKVLU"
            },
            "authentication": "@parameters('$authentication')"
          }
        },
        "Parse_JSON_Initiative_Data": {
          "runAfter": {
            "Run_script_from_SharePoint_library": [
              "Succeeded"
            ]
          },
          "metadata": {
            "operationMetadataId": "f70cfa43-52b0-4072-ad47-df9e0522079a"
          },
          "type": "ParseJson",
          "inputs": {
            "content": "@outputs('Run_script_from_SharePoint_library')?['body/result']",
            "schema": {
              "type": "object",
              "properties": {
                "InitiativeName": {
                  "type": "string"
                },
                "ProjectManager": {
                  "type": "string"
                },
                "InitiativeManager": {
                  "type": "string"
                },
                "WeekOf": {
                  "type": "string"
                },
                "DateOfMeeting": {
                  "type": "string"
                },
                "Supplemental": {
                  "type": "number"
                },
                "ContractedAmount": {
                  "type": "number"
                },
                "ActualSpent": {
                  "type": "number"
                },
                "ARPASupplemental": {
                  "type": "number"
                },
                "ARPAContractedAmount": {
                  "type": "number"
                },
                "ARPAActualSpent": {
                  "type": "number"
                },
                "budgetSubmittedComments": {
                  "type": "string"
                },
                "roeComments": {
                  "type": "string"
                },
                "fedResourceComments": {
                  "type": "string"
                },
                "tasks": {
                  "type": "array",
                  "items": {
                    "type": "object",
                    "properties": {
                      "taskSpecifics": {
                        "type": "string"
                      },
                      "ByWhom": {
                        "type": "string"
                      },
                      "ByWhen": {
                        "type": "string"
                      },
                      "comments": {
                        "type": "string"
                      },
                      "taskStatus": {
                        "type": "object",
                        "properties": {
                          "delayed": {
                            "type": "boolean"
                          },
                          "notPossible": {
                            "type": "boolean"
                          },
                          "onTrack": {
                            "type": "boolean"
                          }
                        }
                      }
                    },
                    "required": [
                      "taskSpecifics",
                      "ByWhom",
                      "ByWhen",
                      "comments",
                      "taskStatus"
                    ]
                  }
                },
                "ActualSpentByDate": {
                  "type": "string"
                },
                "ARPAActualSpentByDate": {
                  "type": "string"
                },
                "expenseSpent": {
                  "type": "array",
                  "items": {
                    "type": "object",
                    "properties": {
                      "isARPA": {
                        "type": "boolean"
                      },
                      "isCovidSupplemental": {
                        "type": "integer"
                      },
                      "janAmount": {
                        "type": "number"
                      },
                      "febAmount": {
                        "type": "number"
                      },
                      "marAmount": {
                        "type": "number"
                      },
                      "aprAmount": {
                        "type": "number"
                      },
                      "mayAmount": {
                        "type": "number"
                      },
                      "junAmount": {
                        "type": "number"
                      },
                      "julyAmount": {
                        "type": "number"
                      },
                      "augAmount": {
                        "type": "number"
                      },
                      "septAmount": {
                        "type": "number"
                      },
                      "octAmount": {
                        "type": "number"
                      },
                      "novAmount": {
                        "type": "number"
                      },
                      "decAmount": {
                        "type": "number"
                      },
                      "year": {
                        "type": "integer"
                      }
                    },
                    "required": [
                      "isARPA",
                      "isCovidSupplemental",
                      "janAmount",
                      "febAmount",
                      "marAmount",
                      "aprAmount",
                      "mayAmount",
                      "junAmount",
                      "julyAmount",
                      "augAmount",
                      "septAmount",
                      "octAmount",
                      "novAmount",
                      "decAmount",
                      "year"
                    ]
                  }
                }
              }
            }
          }
        },
        "Invoke_an_HTTP_request": {
          "runAfter": {
            "Initialize_variable_-_Year_Value": [
              "Succeeded"
            ]
          },
          "metadata": {
            "operationMetadataId": "de5d76e2-515c-4f74-95d8-6ce341e49a5d"
          },
          "type": "OpenApiConnection",
          "inputs": {
            "host": {
              "connectionName": "shared_webcontents",
              "operationId": "InvokeHttp",
              "apiId": "/providers/Microsoft.PowerApps/apis/shared_webcontents"
            },
            "parameters": {
              "request/method": "GET",
              "request/url": "https://mhas-powerappenv-dev.crm9.dynamics.com/api/data/v9.2/EntityDefinitions(LogicalName='dhms_initiativetracker')/Attributes(LogicalName='dhms_initiative')/Microsoft.Dynamics.CRM.PicklistAttributeMetadata?$select=LogicalName&$expand=OptionSet($select=Options)"
            },
            "authentication": "@parameters('$authentication')"
          }
        },
        "Parse_JSON_Initiative_Choices": {
          "runAfter": {
            "Invoke_an_HTTP_request": [
              "Succeeded"
            ]
          },
          "metadata": {
            "operationMetadataId": "ef5859e4-9fa9-45c6-8287-8784ee31bb7b"
          },
          "type": "ParseJson",
          "inputs": {
            "content": "@body('Invoke_an_HTTP_request')",
            "schema": {
              "type": "object",
              "properties": {
                "OptionSet": {
                  "type": "object",
                  "properties": {
                    "MetadataId": {
                      "type": "string"
                    },
                    "Options": {
                      "type": "array",
                      "items": {
                        "type": "object",
                        "properties": {
                          "Value": {
                            "type": "integer"
                          },
                          "Label": {
                            "type": "object",
                            "properties": {
                              "UserLocalizedLabel": {
                                "type": "object",
                                "properties": {
                                  "Label": {
                                    "type": "string"
                                  }
                                }
                              }
                            }
                          }
                        },
                        "required": [
                          "Value",
                          "Label"
                        ]
                      }
                    }
                  }
                }
              }
            }
          }
        },
        "Filter_array": {
          "runAfter": {
            "Parse_JSON_Initiative_Choices": [
              "Succeeded"
            ]
          },
          "metadata": {
            "operationMetadataId": "84595a88-a437-456e-a02c-a227aa396fc1"
          },
          "type": "Query",
          "inputs": {
            "from": "@body('Parse_JSON_Initiative_Choices')?['OptionSet']?['Options']",
            "where": "@equals(item()?['Label']?['UserLocalizedLabel']?['Label'], variables('InitiativeNameFromJson'))"
          }
        },
        "Initialize_variable_-_Initiative_Name": {
          "runAfter": {
            "Parse_JSON_Initiative_Data": [
              "Succeeded"
            ]
          },
          "metadata": {
            "operationMetadataId": "b08d5e03-ae86-4904-aed6-7bbe60e41087"
          },
          "type": "InitializeVariable",
          "inputs": {
            "variables": [
              {
                "name": "InitiativeNameFromJson",
                "type": "string",
                "value": "@{trim(body('Parse_JSON_Initiative_Data')?['InitiativeName'])}"
              }
            ]
          }
        },
        "Condition": {
          "actions": {
            "Set_variable": {
              "runAfter": {},
              "metadata": {
                "operationMetadataId": "78c167a3-f308-4513-bdbb-c3ba47115009"
              },
              "type": "SetVariable",
              "inputs": {
                "name": "InitiativeNameInt",
                "value": "@first(body('Filter_array'))['Value']"
              }
            },
            "Add_a_new_Initiative_Tracking_Info": {
              "runAfter": {
                "Set_variable": [
                  "Succeeded"
                ]
              },
              "metadata": {
                "operationMetadataId": "e9cb76bc-ddeb-40eb-8e03-45745e2353dd"
              },
              "type": "OpenApiConnection",
              "inputs": {
                "host": {
                  "connectionName": "shared_commondataserviceforapps",
                  "operationId": "CreateRecord",
                  "apiId": "/providers/Microsoft.PowerApps/apis/shared_commondataserviceforapps"
                },
                "parameters": {
                  "entityName": "dhms_initiativetrackers",
                  "item/dhms_initiative": "@variables('InitiativeNameInt')",
                  "item/dhms_actualspent": "@body('Parse_JSON_Initiative_Data')?['ActualSpent']",
                  "item/dhms_arpaactualspent": "@body('Parse_JSON_Initiative_Data')?['ARPAActualSpent']",
                  "item/dhms_arpacontractedamount": "@body('Parse_JSON_Initiative_Data')?['ARPAContractedAmount']",
                  "item/dhms_arpasupplemental": "@body('Parse_JSON_Initiative_Data')?['ARPASupplemental']",
                  "item/dhms_contractedamount": "@body('Parse_JSON_Initiative_Data')?['ContractedAmount']",
                  "item/dhms_dateofmeeting": "@body('Parse_JSON_Initiative_Data')?['DateOfMeeting']",
                  "item/dhms_fedresourcepaymentcomment": "@body('Parse_JSON_Initiative_Data')?['fedResourceComments']",
                  "item/dhms_name": "@concat(body('Parse_JSON_Initiative_Data')?['InitiativeName'], ' - ', string(div(sub(ticks(utcNow()), ticks('1970-01-01T00:00:00Z')), 10000000)))",
                  "item/dhms_isbudgetsubmittedcomments": "@body('Parse_JSON_Initiative_Data')?['budgetSubmittedComments']",
                  "item/dhms_receiptroescomments": "@body('Parse_JSON_Initiative_Data')?['roeComments']",
                  "item/dhms_supplemental": "@body('Parse_JSON_Initiative_Data')?['Supplemental']",
                  "item/dhms_weekof": "@body('Parse_JSON_Initiative_Data')?['WeekOf']"
                },
                "authentication": "@parameters('$authentication')"
              }
            },
            "Apply_to_each_-_Tasks": {
              "foreach": "@body('Parse_JSON_Initiative_Data')?['tasks']",
              "actions": {
                "Condition_-_Check_Valid_ByWhen": {
                  "actions": {
                    "Add_a_new_task": {
                      "runAfter": {},
                      "metadata": {
                        "operationMetadataId": "a2893a7f-4bae-4105-80c1-1a981dae4032"
                      },
                      "type": "OpenApiConnection",
                      "inputs": {
                        "host": {
                          "connectionName": "shared_commondataserviceforapps",
                          "operationId": "CreateRecord",
                          "apiId": "/providers/Microsoft.PowerApps/apis/shared_commondataserviceforapps"
                        },
                        "parameters": {
                          "entityName": "dhms_initiativetaskses",
                          "item/dhms_taskspecifics": "@items('Apply_to_each_-_Tasks')?['taskSpecifics']",
                          "item/dhms_bywhen": "@items('Apply_to_each_-_Tasks')?['ByWhen']",
                          "item/dhms_comments": "@items('Apply_to_each_-_Tasks')?['comments']",
                          "item/dhms_InitiativeTracker@odata.bind": "@outputs('Add_a_new_Initiative_Tracking_Info')?['body/@odata.id']"
                        },
                        "authentication": "@parameters('$authentication')"
                      }
                    }
                  },
                  "runAfter": {},
                  "else": {
                    "actions": {
                      "Add_a_new_task_Ignore_ByWhen": {
                        "runAfter": {},
                        "metadata": {
                          "operationMetadataId": "88714e43-9869-4d67-94c1-c5aa2dc0153e"
                        },
                        "type": "OpenApiConnection",
                        "inputs": {
                          "host": {
                            "connectionName": "shared_commondataserviceforapps_1",
                            "operationId": "CreateRecord",
                            "apiId": "/providers/Microsoft.PowerApps/apis/shared_commondataserviceforapps"
                          },
                          "parameters": {
                            "entityName": "dhms_initiativetaskses",
                            "item/dhms_taskspecifics": "@items('Apply_to_each_-_Tasks')?['taskSpecifics']",
                            "item/dhms_comments": "@items('Apply_to_each_-_Tasks')?['comments']",
                            "item/dhms_InitiativeTracker@odata.bind": "@outputs('Add_a_new_Initiative_Tracking_Info')?['body/@odata.id']"
                          },
                          "authentication": "@parameters('$authentication')"
                        }
                      }
                    }
                  },
                  "expression": {
                    "and": [
                      {
                        "not": {
                          "equals": [
                            "@items('Apply_to_each_-_Tasks')?['ByWhen']",
                            ""
                          ]
                        }
                      },
                      {
                        "contains": [
                          "@items('Apply_to_each_-_Tasks')?['ByWhen']",
                          ""
                        ]
                      }
                    ]
                  },
                  "metadata": {
                    "operationMetadataId": "8e6dc708-b9f7-4cb6-950c-7f414693a8e0"
                  },
                  "type": "If"
                }
              },
              "runAfter": {
                "Add_a_new_Initiative_Tracking_Info": [
                  "Succeeded"
                ]
              },
              "metadata": {
                "operationMetadataId": "1e4fcdcb-53d4-4a67-b193-195070a39e9f"
              },
              "type": "Foreach"
            },
            "Apply_to_each_-_Expense_Spents": {
              "foreach": "@body('Parse_JSON_Initiative_Data')?['expenseSpent']",
              "actions": {
                "Add_a_new_Expense_Spent": {
                  "runAfter": {
                    "Switch_-_Assign_Year_Value": [
                      "Succeeded"
                    ]
                  },
                  "metadata": {
                    "operationMetadataId": "187dbb1e-9dd0-4ae0-a31e-3733f90e9dd3"
                  },
                  "type": "OpenApiConnection",
                  "inputs": {
                    "host": {
                      "connectionName": "shared_commondataserviceforapps",
                      "operationId": "CreateRecord",
                      "apiId": "/providers/Microsoft.PowerApps/apis/shared_commondataserviceforapps"
                    },
                    "parameters": {
                      "entityName": "dhms_expensespents",
                      "item/dhms_projectedmonthlyspenton": "@items('Apply_to_each_-_Expense_Spents')?['isCovidSupplemental']",
                      "item/dhms_year": "@variables('YearValue')",
                      "item/dhms_apramount": "@items('Apply_to_each_-_Expense_Spents')?['aprAmount']",
                      "item/dhms_augamount": "@items('Apply_to_each_-_Expense_Spents')?['augAmount']",
                      "item/dhms_decamount": "@items('Apply_to_each_-_Expense_Spents')?['decAmount']",
                      "item/dhms_febamount": "@items('Apply_to_each_-_Expense_Spents')?['febAmount']",
                      "item/dhms_InitiativeTracker@odata.bind": "@outputs('Add_a_new_Initiative_Tracking_Info')?['body/@odata.id']",
                      "item/dhms_janamount": "@items('Apply_to_each_-_Expense_Spents')?['janAmount']",
                      "item/dhms_julyamount": "@items('Apply_to_each_-_Expense_Spents')?['julyAmount']",
                      "item/dhms_junamount": "@items('Apply_to_each_-_Expense_Spents')?['junAmount']",
                      "item/dhms_maramount": "@items('Apply_to_each_-_Expense_Spents')?['marAmount']",
                      "item/dhms_mayamount": "@items('Apply_to_each_-_Expense_Spents')?['mayAmount']",
                      "item/dhms_novamount": "@items('Apply_to_each_-_Expense_Spents')?['novAmount']",
                      "item/dhms_octamount": "@items('Apply_to_each_-_Expense_Spents')?['octAmount']",
                      "item/dhms_septamount": "@items('Apply_to_each_-_Expense_Spents')?['septAmount']"
                    },
                    "authentication": "@parameters('$authentication')"
                  }
                },
                "Switch_-_Assign_Year_Value": {
                  "runAfter": {},
                  "cases": {
                    "Case_-_2020": {
                      "case": 2020,
                      "actions": {
                        "Set_2020_Value": {
                          "runAfter": {},
                          "metadata": {
                            "operationMetadataId": "58929c7b-3358-4592-9bd3-4e0145226cb0"
                          },
                          "type": "SetVariable",
                          "inputs": {
                            "name": "YearValue",
                            "value": 374500000
                          }
                        }
                      }
                    },
                    "Case_-_2021": {
                      "case": 2021,
                      "actions": {
                        "Set_2021_Value": {
                          "runAfter": {},
                          "metadata": {
                            "operationMetadataId": "4ebfe215-b008-47b4-999f-52c151be9691"
                          },
                          "type": "SetVariable",
                          "inputs": {
                            "name": "YearValue",
                            "value": 374500001
                          }
                        }
                      }
                    },
                    "Case_-_2022": {
                      "case": 2022,
                      "actions": {
                        "Set_2022_Value": {
                          "runAfter": {},
                          "metadata": {
                            "operationMetadataId": "0b4cfa52-00ec-41f9-b211-e3fdf5ae590f"
                          },
                          "type": "SetVariable",
                          "inputs": {
                            "name": "YearValue",
                            "value": 374500002
                          }
                        }
                      }
                    },
                    "Case_-_2023": {
                      "case": 2023,
                      "actions": {
                        "Set_2023_Value": {
                          "runAfter": {},
                          "metadata": {
                            "operationMetadataId": "448bb9d5-fdd1-43db-bc92-75b19ff33abe"
                          },
                          "type": "SetVariable",
                          "inputs": {
                            "name": "YearValue",
                            "value": 374500003
                          }
                        }
                      }
                    },
                    "Case_-_2024": {
                      "case": 2024,
                      "actions": {
                        "Set_2024_Value": {
                          "runAfter": {},
                          "metadata": {
                            "operationMetadataId": "9dde0da9-7064-4099-ac07-fc5ff4154672"
                          },
                          "type": "SetVariable",
                          "inputs": {
                            "name": "YearValue",
                            "value": 374500004
                          }
                        }
                      }
                    },
                    "Case_-_2025": {
                      "case": 2025,
                      "actions": {
                        "Set_2025_Value": {
                          "runAfter": {},
                          "metadata": {
                            "operationMetadataId": "fd984ada-1ecc-45f3-838e-a3f20f851c89"
                          },
                          "type": "SetVariable",
                          "inputs": {
                            "name": "YearValue",
                            "value": 374500005
                          }
                        }
                      }
                    },
                    "Case_-_2026": {
                      "case": 2026,
                      "actions": {
                        "Set_2026_Value": {
                          "runAfter": {},
                          "metadata": {
                            "operationMetadataId": "9aa43306-28d7-43e6-9bc6-b603493d5596"
                          },
                          "type": "SetVariable",
                          "inputs": {
                            "name": "YearValue",
                            "value": 374500006
                          }
                        }
                      }
                    },
                    "Case_-_2027": {
                      "case": 2027,
                      "actions": {
                        "Set_2027_Value": {
                          "runAfter": {},
                          "metadata": {
                            "operationMetadataId": "b43c259b-7025-4032-bbe0-1578023e4ff6"
                          },
                          "type": "SetVariable",
                          "inputs": {
                            "name": "YearValue",
                            "value": 374500007
                          }
                        }
                      }
                    }
                  },
                  "default": {
                    "actions": {}
                  },
                  "expression": "@items('Apply_to_each_-_Expense_Spents')?['year']",
                  "metadata": {
                    "operationMetadataId": "9bacf0a1-3040-4f5d-afe1-ac042823a293"
                  },
                  "type": "Switch"
                }
              },
              "runAfter": {
                "Apply_to_each_-_Tasks": [
                  "Succeeded"
                ]
              },
              "metadata": {
                "operationMetadataId": "13d662c9-c998-48f4-8777-411dc0f2305e"
              },
              "type": "Foreach"
            }
          },
          "runAfter": {
            "Filter_array": [
              "Succeeded"
            ]
          },
          "else": {
            "actions": {
              "Send_an_email_(V2)": {
                "runAfter": {},
                "metadata": {
                  "operationMetadataId": "c5ba1e41-4a0a-4e4a-ad82-f987e204bc1a"
                },
                "type": "OpenApiConnection",
                "inputs": {
                  "host": {
                    "connectionName": "shared_office365",
                    "operationId": "SendEmailV2",
                    "apiId": "/providers/Microsoft.PowerApps/apis/shared_office365"
                  },
                  "parameters": {
                    "emailMessage/To": "Nomji.Theegala@dhs.nj.gov",
                    "emailMessage/Subject": "SP Initiative Name not found",
                    "emailMessage/Body": "<p>Hello Team,<br>\n<br>\nInitiative Name @{variables('InitiativeNameFromJson')} mentioned in SP File @{triggerOutputs()?['body/{Identifier}']} is not found in existing choice.<br>\n<br>\nPlease update Initiative Name choices and rerun fetch flow.<br>\n<br>\nNote: Please do not reply to this email<br>\n<br>\nRegards,<br>\nDHMAS</p>",
                    "emailMessage/Importance": "Normal"
                  },
                  "authentication": "@parameters('$authentication')"
                }
              }
            }
          },
          "expression": {
            "greater": [
              "@length(body('Filter_array'))",
              0
            ]
          },
          "metadata": {
            "operationMetadataId": "a75ca8cb-a3c8-4830-b449-639fc76c6fea"
          },
          "type": "If"
        },
        "Initialize_variable_-_Initiative_Value": {
          "runAfter": {
            "Initialize_variable_-_Initiative_Name": [
              "Succeeded"
            ]
          },
          "metadata": {
            "operationMetadataId": "b16418cd-945f-4be3-a875-d204e54cded0"
          },
          "type": "InitializeVariable",
          "inputs": {
            "variables": [
              {
                "name": "InitiativeNameInt",
                "type": "integer"
              }
            ]
          }
        },
        "Initialize_variable_-_Month_Value": {
          "runAfter": {
            "Initialize_variable_-_Initiative_Value": [
              "Succeeded"
            ]
          },
          "metadata": {
            "operationMetadataId": "8bfb2c14-b32a-4b4f-aae7-acec8c985c1c"
          },
          "type": "InitializeVariable",
          "inputs": {
            "variables": [
              {
                "name": "ExpenseMonth",
                "type": "integer",
                "value": 12
              }
            ]
          }
        },
        "Initialize_variable_-_Year_Value": {
          "runAfter": {
            "Initialize_variable_-_Month_Value": [
              "Succeeded"
            ]
          },
          "metadata": {
            "operationMetadataId": "2cdc733a-5319-4453-83ed-40bb444b28f7"
          },
          "type": "InitializeVariable",
          "inputs": {
            "variables": [
              {
                "name": "YearValue",
                "type": "integer",
                "value": 374500004
              }
            ]
          }
        }
      }
    },
    "templateName": ""
  },
  "schemaVersion": "1.0.0.0"
}