﻿<?xml version="1.0" encoding="utf-8"?>
<Workflow WorkflowId="{70656202-d166-ef11-bfe2-001dd80c0acf}" Name="Fetch Initiative Data on Add or Update File in SP " xmlns:xsi="http://www.w3.org/2001/XMLSchema-instance">
  <JsonFileName>/Workflows/FetchInitiativeDataonAddorUpdateFileinSP-70656202-D166-EF11-BFE2-001DD80C0ACF.json</JsonFileName>
  <Type>1</Type>
  <Subprocess>0</Subprocess>
  <Category>5</Category>
  <Mode>0</Mode>
  <Scope>4</Scope>
  <OnDemand>0</OnDemand>
  <TriggerOnCreate>0</TriggerOnCreate>
  <TriggerOnDelete>0</TriggerOnDelete>
  <AsyncAutodelete>0</AsyncAutodelete>
  <SyncWorkflowLogOnFailure>0</SyncWorkflowLogOnFailure>
  <StateCode>1</StateCode>
  <StatusCode>2</StatusCode>
  <RunAs>1</RunAs>
  <IsTransacted>1</IsTransacted>
  <IntroducedVersion>1.0.0.0</IntroducedVersion>
  <IsCustomizable>1</IsCustomizable>
  <BusinessProcessType>0</BusinessProcessType>
  <IsCustomProcessingStepAllowedForOtherPublishers>1</IsCustomProcessingStepAllowedForOtherPublishers>
  <PrimaryEntity>none</PrimaryEntity>
  <LocalizedNames>
    <LocalizedName languagecode="1033" description="Fetch Initiative Data on Add or Update File in SP " />
  </LocalizedNames>
</Workflow>