﻿<?xml version="1.0" encoding="utf-8"?>
<Workflow WorkflowId="{868827e1-7f6b-ef11-a671-001dd802038b}" Name="Lock &amp; Unlock Initiative Name based on Created Data" Description="Lock &amp; Unlock Initiative Name based on Created Data" xmlns:xsi="http://www.w3.org/2001/XMLSchema-instance">
  <XamlFileName>/Workflows/LockUnlockInitiativeNamebasedonCreatedData-868827E1-7F6B-EF11-A671-001DD802038B.xaml</XamlFileName>
  <Type>1</Type>
  <Subprocess>0</Subprocess>
  <Category>2</Category>
  <Mode>1</Mode>
  <Scope>4</Scope>
  <OnDemand>0</OnDemand>
  <TriggerOnCreate>0</TriggerOnCreate>
  <TriggerOnDelete>0</TriggerOnDelete>
  <AsyncAutodelete>0</AsyncAutodelete>
  <SyncWorkflowLogOnFailure>0</SyncWorkflowLogOnFailure>
  <StateCode>1</StateCode>
  <StatusCode>2</StatusCode>
  <RunAs>1</RunAs>
  <IsTransacted>1</IsTransacted>
  <IntroducedVersion>1.0.0.0</IntroducedVersion>
  <IsCustomizable>1</IsCustomizable>
  <BusinessProcessType>0</BusinessProcessType>
  <IsCustomProcessingStepAllowedForOtherPublishers>1</IsCustomProcessingStepAllowedForOtherPublishers>
  <ProcessTriggerFormId>{ddc6fb13-4627-4c0b-a253-7f590f36d55d}</ProcessTriggerFormId>
  <ProcessTriggerScope>1</ProcessTriggerScope>
  <PrimaryEntity>dhms_InitiativeTracker</PrimaryEntity>
  <LocalizedNames>
    <LocalizedName languagecode="1033" description="Lock &amp; Unlock Initiative Name based on Created Data" />
  </LocalizedNames>
  <Descriptions>
    <Description languagecode="1033" description="Lock &amp; Unlock Initiative Name based on Created Data" />
  </Descriptions>
</Workflow>