﻿<?xml version="1.0" encoding="utf-8"?>
<Workflow WorkflowId="{779abffc-d26e-ef11-a671-001dd802038b}" Name="Lock &amp; Unlock Year, Project Monthly fields based on data" Description="Lock &amp; Unlock Year, Project Monthly fields when monthly data is available" xmlns:xsi="http://www.w3.org/2001/XMLSchema-instance">
  <XamlFileName>/Workflows/LockUnlockYearProjectMonthlyfieldsbasedondata-779ABFFC-D26E-EF11-A671-001DD802038B.xaml</XamlFileName>
  <Type>1</Type>
  <Subprocess>0</Subprocess>
  <Category>2</Category>
  <Mode>1</Mode>
  <Scope>4</Scope>
  <OnDemand>0</OnDemand>
  <TriggerOnCreate>0</TriggerOnCreate>
  <TriggerOnDelete>0</TriggerOnDelete>
  <AsyncAutodelete>0</AsyncAutodelete>
  <SyncWorkflowLogOnFailure>0</SyncWorkflowLogOnFailure>
  <StateCode>1</StateCode>
  <StatusCode>2</StatusCode>
  <RunAs>1</RunAs>
  <IsTransacted>1</IsTransacted>
  <IntroducedVersion>1.0.0.0</IntroducedVersion>
  <IsCustomizable>1</IsCustomizable>
  <BusinessProcessType>0</BusinessProcessType>
  <IsCustomProcessingStepAllowedForOtherPublishers>1</IsCustomProcessingStepAllowedForOtherPublishers>
  <ProcessTriggerScope>2</ProcessTriggerScope>
  <PrimaryEntity>dhms_ExpenseSpent</PrimaryEntity>
  <LocalizedNames>
    <LocalizedName languagecode="1033" description="Lock &amp; Unlock Year, Project Monthly fields based on data" />
  </LocalizedNames>
  <Descriptions>
    <Description languagecode="1033" description="Lock &amp; Unlock Year, Project Monthly fields when monthly data is available" />
  </Descriptions>
</Workflow>