<appaction uniquename="dhms__ARPA!6950f7c4fe0b4a7b8ac0f00b3b2e5d83!dhms_InitiativeAllocationManagement!dhms_expensespent!2">
  <appmoduleid>
    <uniquename>dhms_InitiativeAllocationManagement</uniquename>
  </appmoduleid>
  <buttonlabeltext default="ARPA">
    <label description="ARPA" languagecode="1033" />
  </buttonlabeltext>
  <context>1</context>
  <contextentity>
    <logicalname>dhms_expensespent</logicalname>
  </contextentity>
  <contextvalue>dhms_expensespent</contextvalue>
  <fonticon>Checkbox</fonticon>
  <hidden>0</hidden>
  <iscustomizable>1</iscustomizable>
  <isdisabled>0</isdisabled>
  <isgrouptitlehidden>0</isgrouptitlehidden>
  <location>2</location>
  <name>ARPA!6950f7c4fe0b4a7b8ac0f00b3b2e5d83</name>
  <onclickeventformulacomponentlibraryid>
    <name>dhms_initiativeallocationmanagementdefaultcommandlibrary_f4dc9</name>
  </onclickeventformulacomponentlibraryid>
  <onclickeventformulacomponentname>1a12e36bbc2c48a48a27ec35b7b4e2f7</onclickeventformulacomponentname>
  <onclickeventformulafunctionname>OnSelect</onclickeventformulafunctionname>
  <onclickeventtype>1</onclickeventtype>
  <origin>0</origin>
  <sequence>100100012.5000000000</sequence>
  <statecode>0</statecode>
  <statuscode>1</statuscode>
  <type>0</type>
  <visibilityformulacomponentlibraryid>
    <name>dhms_initiativeallocationmanagementdefaultcommandlibrary_f4dc9</name>
  </visibilityformulacomponentlibraryid>
  <visibilityformulacomponentname>1a12e36bbc2c48a48a27ec35b7b4e2f7</visibilityformulacomponentname>
  <visibilityformulafunctionname>Visible</visibilityformulafunctionname>
  <visibilitytype>1</visibilitytype>
</appaction>