﻿<?xml version="1.0" encoding="utf-8"?>
<savedqueries xmlns:xsi="http://www.w3.org/2001/XMLSchema-instance">
  <savedquery>
    <IsCustomizable>1</IsCustomizable>
    <CanBeDeleted>0</CanBeDeleted>
    <isquickfindquery>0</isquickfindquery>
    <isprivate>0</isprivate>
    <isdefault>1</isdefault>
    <savedqueryid>{08d4ad59-ca24-448b-99e2-b39c4e97c98e}</savedqueryid>
    <layoutxml>
      <grid name="resultset" jump="dhms_name" select="1" icon="1" preview="1">
        <row name="result" id="dhms_initiativetasksid">
          <cell name="dhms_name" width="300" />
          <cell name="createdon" width="125" />
        </row>
      </grid>
    </layoutxml>
    <querytype>1</querytype>
    <fetchxml>
      <fetch version="1.0" mapping="logical">
        <entity name="dhms_initiativetasks">
          <attribute name="dhms_initiativetasksid" />
          <attribute name="dhms_name" />
          <attribute name="createdon" />
          <order attribute="dhms_name" descending="false" />
        </entity>
      </fetch>
    </fetchxml>
    <IntroducedVersion>1.0.0.0</IntroducedVersion>
    <LocalizedNames>
      <LocalizedName description="Initiative Tasks Advanced Find View" languagecode="1033" />
    </LocalizedNames>
  </savedquery>
</savedqueries>