﻿<?xml version="1.0" encoding="utf-8"?>
<savedqueries xmlns:xsi="http://www.w3.org/2001/XMLSchema-instance">
  <savedquery>
    <IsCustomizable>1</IsCustomizable>
    <CanBeDeleted>1</CanBeDeleted>
    <isquickfindquery>0</isquickfindquery>
    <isprivate>0</isprivate>
    <isdefault>1</isdefault>
    <savedqueryid>{397c29f1-e863-ef11-bfe3-001dd8083a32}</savedqueryid>
    <querytype>8192</querytype>
    <fetchxml>
      <fetch version="1.0" mapping="logical" output-format="xml-platform">
        <entity name="dhms_initiativetasks">
          <attribute name="dhms_initiativetasksid" />
          <filter type="and">
            <condition attribute="statecode" operator="eq" value="0" />
            <condition attribute="ownerid" operator="eq-userid" />
          </filter>
        </entity>
      </fetch>
    </fetchxml>
    <IntroducedVersion>1.0.0.0</IntroducedVersion>
    <LocalizedNames>
      <LocalizedName description="My Initiative Tasks" languagecode="1033" />
    </LocalizedNames>
    <Descriptions>
      <Description description="Active Initiative Tasks owned by me" languagecode="1033" />
    </Descriptions>
  </savedquery>
</savedqueries>