﻿<?xml version="1.0" encoding="utf-8"?>
<savedqueries xmlns:xsi="http://www.w3.org/2001/XMLSchema-instance">
  <savedquery>
    <IsCustomizable>1</IsCustomizable>
    <CanBeDeleted>0</CanBeDeleted>
    <isquickfindquery>0</isquickfindquery>
    <isprivate>0</isprivate>
    <isdefault>1</isdefault>
    <savedqueryid>{5b8b361e-3210-400f-861a-0f71d77eec39}</savedqueryid>
    <layoutxml>
      <grid name="dhms_initiativetaskses" jump="dhms_name" select="1" icon="1" preview="0">
        <row name="dhms_initiativetasks" id="dhms_initiativetasksid">
          <cell name="dhms_name" width="300" />
          <cell name="createdon" width="125" />
        </row>
      </grid>
    </layoutxml>
    <querytype>64</querytype>
    <fetchxml>
      <fetch version="1.0" mapping="logical">
        <entity name="dhms_initiativetasks">
          <attribute name="dhms_initiativetasksid" />
          <attribute name="dhms_name" />
          <attribute name="createdon" />
          <filter type="and">
            <condition attribute="statecode" operator="eq" value="0" />
          </filter>
        </entity>
      </fetch>
    </fetchxml>
    <IntroducedVersion>1.0.0.0</IntroducedVersion>
    <LocalizedNames>
      <LocalizedName description="Initiative Tasks Lookup View" languagecode="1033" />
    </LocalizedNames>
  </savedquery>
</savedqueries>