﻿<?xml version="1.0" encoding="utf-8"?>
<savedqueries xmlns:xsi="http://www.w3.org/2001/XMLSchema-instance">
  <savedquery>
    <IsCustomizable>1</IsCustomizable>
    <CanBeDeleted>0</CanBeDeleted>
    <isquickfindquery>0</isquickfindquery>
    <isprivate>0</isprivate>
    <isdefault>1</isdefault>
    <savedqueryid>{ac82437d-a928-4622-bd01-f4902a0291f9}</savedqueryid>
    <layoutxml>
      <grid name="dhms_initiativetaskses" jump="dhms_name" select="1" icon="1" preview="1">
        <row name="dhms_initiativetasks" id="dhms_initiativetasksid">
          <cell name="dhms_taskspecifics" width="122" />
          <cell name="dhms_bywhen" width="100" />
          <cell name="dhms_bywhom" width="100" />
          <cell name="dhms_taskstatus" width="104" />
        </row>
      </grid>
    </layoutxml>
    <querytype>2</querytype>
    <fetchxml>
      <fetch version="1.0" mapping="logical">
        <entity name="dhms_initiativetasks">
          <attribute name="dhms_initiativetasksid" />
          <filter type="and">
            <condition attribute="statecode" operator="eq" value="0" />
          </filter>
          <attribute name="dhms_taskspecifics" />
          <attribute name="dhms_bywhen" />
          <attribute name="dhms_bywhom" />
          <attribute name="dhms_taskstatus" />
        </entity>
      </fetch>
    </fetchxml>
    <IntroducedVersion>1.0.0.0</IntroducedVersion>
    <LocalizedNames>
      <LocalizedName description="Initiative Tasks Associated View" languagecode="1033" />
    </LocalizedNames>
  </savedquery>
</savedqueries>