﻿<?xml version="1.0" encoding="utf-8"?>
<AppModule>
  <UniqueName>dhms_InitiativeAllocationManagement</UniqueName>
  <IntroducedVersion>1.0.0.0</IntroducedVersion>
  <WebResourceId>953b9fac-1e5e-e611-80d6-00155ded156f</WebResourceId>
  <OptimizedFor></OptimizedFor>
  <statecode>0</statecode>
  <statuscode>1</statuscode>
  <FormFactor>1</FormFactor>
  <ClientType>4</ClientType>
  <NavigationType>0</NavigationType>
  <AppModuleComponents>
    <AppModuleComponent type="1" schemaName="dhms_contract" />
    <AppModuleComponent type="1" schemaName="dhms_expensespent" />
    <AppModuleComponent type="1" schemaName="dhms_initiativetasks" />
    <AppModuleComponent type="1" schemaName="dhms_initiativetracker" />
    <AppModuleComponent type="60" id="{ec2c0ffe-c06b-ef11-a671-001dd802038b}" />
    <AppModuleComponent type="62" schemaName="dhms_InitiativeAllocationManagement" />
  </AppModuleComponents>
  <AppModuleRoleMaps>
    <Role id="{627090ff-40a3-4053-8790-584edc5be201}" />
    <Role id="{119f245c-3cc8-4b62-b31c-d1a046ced15d}" />
  </AppModuleRoleMaps>
  <LocalizedNames>
    <LocalizedName description="Initiative Allocation Management" languagecode="1033" />
  </LocalizedNames>
  <appelements>
    <appelement uniquename="dhms_dhms_InitiativeAllocationManagement_canvasappid_dhms_initiativeallocationmanagementdefaultcommandlibrary_f4dc9">
      <canvasappid>
        <name>dhms_initiativeallocationmanagementdefaultcommandlibrary_f4dc9</name>
      </canvasappid>
      <iscustomizable>1</iscustomizable>
      <name>dhms_dhms_InitiativeAllocationManagement_canvasappid_dhms_initiativeallocationmanagementdefaultcommandlibrary_f4dc9</name>
    </appelement>
  </appelements>
  <appsettings>
    <appsetting settingdefinitionid.uniquename="AppChannel">
      <iscustomizable>1</iscustomizable>
      <value>1</value>
    </appsetting>
  </appsettings>
</AppModule>