﻿<?xml version="1.0" encoding="utf-8"?>
<forms xmlns:xsi="http://www.w3.org/2001/XMLSchema-instance">
  <systemform>
    <formid>{ddc6fb13-4627-4c0b-a253-7f590f36d55d}</formid>
    <IntroducedVersion>1.0.0.0</IntroducedVersion>
    <FormPresentation>1</FormPresentation>
    <FormActivationState>1</FormActivationState>
    <form headerdensity="HighReadOnlyValues" shownavigationbar="true" showImage="false" maxWidth="1920">
      <tabs>
        <tab verticallayout="true" id="{5c868a4b-7bf9-42e9-b37f-11c5f16f4924}" IsUserDefined="1" name="Information">
          <labels>
            <label description="Information" languagecode="1033" />
          </labels>
          <columns>
            <column width="100%">
              <sections>
                <section showlabel="false" showbar="false" IsUserDefined="0" id="{48c465a2-07e2-47d7-9567-ca69242d1d37}" name="Initiative Details" columns="1111" locklevel="0" labelwidth="130" celllabelalignment="Left" celllabelposition="Left">
                  <labels>
                    <label description="Initiative Details" languagecode="1033" />
                  </labels>
                  <rows>
                    <row>
                      <cell id="{2723e0e1-2824-4cef-b615-c23079f8da25}" locklevel="0" colspan="2" rowspan="1">
                        <labels>
                          <label description="Initiative Names" languagecode="1033" />
                        </labels>
                        <control id="dhms_initiative" classid="{3EF39988-22BB-4F0B-BBBE-64B5A3748AEE}" datafieldname="dhms_initiative" disabled="false" uniqueid="{08eb33aa-692e-2e55-9a13-cc1ec70b7247}" />
                      </cell>
                      <cell id="{48a4a113-d3e1-5902-7d5d-82ee35aa0a16}" showlabel="true" locklevel="0" colspan="2">
                        <labels>
                          <label description="SharePoint URL" languagecode="1033" />
                        </labels>
                        <control id="dhms_sharepointurl" classid="{71716B6C-711E-476c-8AB8-5D11542BFB47}" datafieldname="dhms_sharepointurl" disabled="false" uniqueid="{c32003b0-d61d-7d81-c3d5-d119366158c6}" />
                      </cell>
                    </row>
                    <row>
                      <cell id="{d519c93c-a162-46d5-9dea-62807b832fca}" locklevel="0" colspan="1" rowspan="1">
                        <labels>
                          <label description="Initiative Manager" languagecode="1033" />
                        </labels>
                        <control id="dhms_initiativemanager" classid="{4AA28AB7-9C13-4F57-A73D-AD894D048B5F}" datafieldname="dhms_initiativemanager" disabled="false" />
                      </cell>
                      <cell id="{a8391738-5426-40e9-a4ef-ea4f656814f1}" locklevel="0" colspan="1" rowspan="1">
                        <labels>
                          <label description="Project Manager" languagecode="1033" />
                        </labels>
                        <control id="dhms_projectmanager" classid="{4AA28AB7-9C13-4F57-A73D-AD894D048B5F}" datafieldname="dhms_projectmanager" disabled="false" />
                      </cell>
                      <cell id="{fe690aee-8940-448e-ba26-72f6b940719d}" locklevel="0" colspan="1" rowspan="1">
                        <labels>
                          <label description="Date of Meeting" languagecode="1033" />
                        </labels>
                        <control id="dhms_dateofmeeting" classid="{5B773807-9FB2-42DB-97C3-7A91EFF8ADFF}" datafieldname="dhms_dateofmeeting" disabled="false" uniqueid="{c19193d0-8d46-0b03-5831-e87a29b37973}" />
                      </cell>
                      <cell id="{2606a2a0-c37a-425c-a66e-b49e45e3c942}" locklevel="0" colspan="1" rowspan="1">
                        <labels>
                          <label description="Week of Meeting" languagecode="1033" />
                        </labels>
                        <control id="dhms_weekof" classid="{5B773807-9FB2-42DB-97C3-7A91EFF8ADFF}" datafieldname="dhms_weekof" disabled="false" uniqueid="{d79d8b15-02a0-9eb8-65b0-214e242627e2}" />
                      </cell>
                    </row>
                    <row>
                      <cell id="{375b7def-b16b-423f-98dc-018df0833c2b}" locklevel="0" colspan="1" rowspan="1" visible="false">
                        <labels>
                          <label description="Created On" languagecode="1033" />
                        </labels>
                        <control id="createdon" classid="{5B773807-9FB2-42DB-97C3-7A91EFF8ADFF}" datafieldname="createdon" disabled="false" />
                      </cell>
                      <cell id="{aba78c7c-e8ad-41c7-ba21-dd650332ee6b}" visible="false">
                        <labels>
                          <label description="Owner" languagecode="1033" />
                        </labels>
                        <control id="ownerid" classid="{270BD3DB-D9AF-4782-9025-509E298DEC0A}" datafieldname="ownerid" />
                      </cell>
                      <cell id="{cd168778-73ae-4cde-e7bb-60075ac56b37}" showlabel="false">
                        <labels>
                          <label description="" languagecode="1033" />
                        </labels>
                      </cell>
                      <cell id="{30092329-bbb6-789c-651b-5a6a4e115914}" showlabel="false">
                        <labels>
                          <label description="" languagecode="1033" />
                        </labels>
                      </cell>
                    </row>
                    <row>
                      <cell id="{5626b448-fe38-4e5b-bd33-57db40eb04d0}" locklevel="0" colspan="2" rowspan="1" showlabel="true" visible="false">
                        <labels>
                          <label description="Initiative Name" languagecode="1033" />
                        </labels>
                        <control id="dhms_name" classid="{4273EDBD-AC1D-40D3-9FB2-095C621B552D}" datafieldname="dhms_name" disabled="false" uniqueid="{5dae06a8-908e-c19d-7d45-a9d8807e98bb}" />
                      </cell>
                      <cell id="{bc7b83db-3c02-788b-da19-30c05a1d7217}" showlabel="false">
                        <labels>
                          <label description="" languagecode="1033" />
                        </labels>
                      </cell>
                      <cell id="{ae5d7dc6-9da5-311b-dc2b-b3d572143c52}" showlabel="false">
                        <labels>
                          <label description="" languagecode="1033" />
                        </labels>
                      </cell>
                    </row>
                  </rows>
                </section>
                <section name="Information_section_COVID" showlabel="true" showbar="false" locklevel="0" id="{5ec85ad7-79d1-2b48-4c89-17695464a212}" IsUserDefined="0" layout="varwidth" columns="1111" labelwidth="115" celllabelalignment="Left" celllabelposition="Left">
                  <labels>
                    <label description="COVID Supplemental" languagecode="1033" />
                  </labels>
                  <rows>
                    <row>
                      <cell id="{4c5abc91-2230-4027-9f54-dfb9d540da26}" locklevel="0" colspan="1" rowspan="1" showlabel="true">
                        <labels>
                          <label description="Initiative Amount" languagecode="1033" />
                        </labels>
                        <control id="dhms_supplemental" classid="{533B9E00-756B-4312-95A0-DC888637AC78}" datafieldname="dhms_supplemental" disabled="false" uniqueid="{7a6a580a-0ba9-de39-7c16-0c42a91c9668}" />
                      </cell>
                      <cell id="{e4d6cdc1-77a9-4e93-97af-0c8f4f1a764e}" locklevel="0" colspan="1" rowspan="1">
                        <labels>
                          <label description="Contracted Amount" languagecode="1033" />
                        </labels>
                        <control id="dhms_contractedamount" classid="{533B9E00-756B-4312-95A0-DC888637AC78}" datafieldname="dhms_contractedamount" disabled="false" />
                      </cell>
                      <cell id="{85e7ed7d-c67c-4046-a2af-997cf322ba76}" locklevel="0" colspan="1" rowspan="1" showlabel="true">
                        <labels>
                          <label description="Actual Spent Amount" languagecode="1033" />
                        </labels>
                        <control id="dhms_actualspent" classid="{533B9E00-756B-4312-95A0-DC888637AC78}" datafieldname="dhms_actualspent" disabled="false" uniqueid="{87473d80-4468-e1b6-417e-98d0c07d486a}" />
                      </cell>
                      <cell id="{65de88db-bb09-4d59-a8dd-12d49abf566e}" locklevel="0" colspan="1" rowspan="1">
                        <labels>
                          <label description="Actual Spent Last Date" languagecode="1033" />
                        </labels>
                        <control id="dhms_actualspentlastdate" classid="{5B773807-9FB2-42DB-97C3-7A91EFF8ADFF}" datafieldname="dhms_actualspentlastdate" disabled="false" />
                      </cell>
                    </row>
                    <row>
                      <cell id="{e0158718-3f84-47b9-91ad-a725cabc6d31}" locklevel="0" colspan="1" rowspan="1" showlabel="true">
                        <labels>
                          <label description="Unspent to Date Amount" languagecode="1033" />
                        </labels>
                        <control id="dhms_unspenttodate" classid="{533B9E00-756B-4312-95A0-DC888637AC78}" datafieldname="dhms_unspenttodate" disabled="false" uniqueid="{ed59090a-e698-a3a4-3c48-72259a30d415}" />
                      </cell>
                      <cell id="{faf56eb8-934f-45e8-a38b-fe8f66fb28e0}" locklevel="0" colspan="1" rowspan="1" showlabel="true">
                        <labels>
                          <label description="Total Contract Variance Amount" languagecode="1033" />
                        </labels>
                        <control id="dhms_totalvariance" classid="{533B9E00-756B-4312-95A0-DC888637AC78}" datafieldname="dhms_totalvariance" disabled="false" uniqueid="{e0537ed6-9b79-9218-9028-86e8b5d7056d}" />
                      </cell>
                      <cell id="{c58cb961-96e7-40b1-bed1-ca2c9d77b49d}" locklevel="0" colspan="1" rowspan="1" showlabel="true">
                        <labels>
                          <label description="Total Variance Amount" languagecode="1033" />
                        </labels>
                        <control id="dhms_finalvariance" classid="{533B9E00-756B-4312-95A0-DC888637AC78}" datafieldname="dhms_finalvariance" disabled="false" uniqueid="{ddc77de8-ab7e-1248-ce00-b9920c9d492d}" />
                      </cell>
                      <cell id="{3799b1b5-0190-d313-a5d3-0abc398e8787}" showlabel="false">
                        <labels>
                          <label description="" languagecode="1033" />
                        </labels>
                      </cell>
                    </row>
                    <row>
                      <cell id="{7fd21d36-682e-426d-874e-6a73ffc9ba5b}" locklevel="0" colspan="4" rowspan="3" showlabel="true">
                        <labels>
                          <label description="Comments" languagecode="1033" />
                        </labels>
                        <control id="dhms_covidsupplementalcomments" classid="{E0DECE4B-6FC8-4A8F-A065-082708572369}" datafieldname="dhms_covidsupplementalcomments" disabled="false" uniqueid="{889b9b2e-1c72-b775-5001-538d0c0de951}" />
                      </cell>
                    </row>
                    <row />
                    <row />
                  </rows>
                </section>
                <section name="Information_section_ARPA" showlabel="true" showbar="false" locklevel="0" id="{2ec0ca38-b381-5d8d-b0c3-8de1940eecc4}" IsUserDefined="0" layout="varwidth" columns="1111" labelwidth="115" celllabelalignment="Left" celllabelposition="Left">
                  <labels>
                    <label description="ARPA" languagecode="1033" />
                  </labels>
                  <rows>
                    <row>
                      <cell id="{c59d9857-c8f1-4a6a-9ea8-fa51fa6fb9aa}" locklevel="0" colspan="1" rowspan="1" showlabel="true">
                        <labels>
                          <label description="Initiative Amount" languagecode="1033" />
                        </labels>
                        <control id="dhms_arpasupplemental" classid="{533B9E00-756B-4312-95A0-DC888637AC78}" datafieldname="dhms_arpasupplemental" disabled="false" uniqueid="{0b770067-ee3e-3990-c185-268990a2e46a}" />
                      </cell>
                      <cell id="{5a63ec40-f2ec-4792-a1ce-793f05e48624}" locklevel="0" colspan="1" rowspan="1" showlabel="true">
                        <labels>
                          <label description="Contracted Amount" languagecode="1033" />
                        </labels>
                        <control id="dhms_arpacontractedamount" classid="{533B9E00-756B-4312-95A0-DC888637AC78}" datafieldname="dhms_arpacontractedamount" disabled="false" uniqueid="{5c2b1734-975b-205b-93a1-b28be7750cd4}" />
                      </cell>
                      <cell id="{cebab0d1-0a87-4df1-9c93-62aafd578774}" locklevel="0" colspan="1" rowspan="1" showlabel="true">
                        <labels>
                          <label description="Actual Spent Amount" languagecode="1033" />
                        </labels>
                        <control id="dhms_arpaactualspent" classid="{533B9E00-756B-4312-95A0-DC888637AC78}" datafieldname="dhms_arpaactualspent" disabled="false" uniqueid="{16131460-a0e9-9b44-b6b6-7b50e3855e0a}" />
                      </cell>
                      <cell id="{984c6fb2-f658-441b-83cd-3f3063e33978}" locklevel="0" colspan="1" rowspan="1" showlabel="true">
                        <labels>
                          <label description="Actual Spent Last Date" languagecode="1033" />
                        </labels>
                        <control id="dhms_arpaactualspentlastdate" classid="{5B773807-9FB2-42DB-97C3-7A91EFF8ADFF}" datafieldname="dhms_arpaactualspentlastdate" disabled="false" uniqueid="{96421c9c-4ca9-69c5-0198-24d222288bab}" />
                      </cell>
                    </row>
                    <row>
                      <cell id="{06378e2c-a606-4633-85fb-bc9158287142}" locklevel="0" colspan="1" rowspan="1" showlabel="true">
                        <labels>
                          <label description="Unspent to Date Amount" languagecode="1033" />
                        </labels>
                        <control id="dhms_arpaunspenttodate" classid="{533B9E00-756B-4312-95A0-DC888637AC78}" datafieldname="dhms_arpaunspenttodate" disabled="false" uniqueid="{0d9496b7-c7db-8a62-e10c-961c511a571e}" />
                      </cell>
                      <cell id="{fc927744-ad17-4c82-b902-f6a0b61aa958}" locklevel="0" colspan="1" rowspan="1" showlabel="true">
                        <labels>
                          <label description="Total Contract Variance Amount" languagecode="1033" />
                        </labels>
                        <control id="dhms_arpatotalvariance" classid="{533B9E00-756B-4312-95A0-DC888637AC78}" datafieldname="dhms_arpatotalvariance" disabled="false" uniqueid="{8689a878-900d-11da-d70a-8264c4e84c16}" />
                      </cell>
                      <cell id="{55549e0f-7359-4743-922c-fb8dc4045454}" locklevel="0" colspan="1" rowspan="1" showlabel="true">
                        <labels>
                          <label description="Total Variance Amount" languagecode="1033" />
                        </labels>
                        <control id="dhms_arpafinalvariance" classid="{533B9E00-756B-4312-95A0-DC888637AC78}" datafieldname="dhms_arpafinalvariance" disabled="false" uniqueid="{4985ad5e-dae5-c691-84cd-9567047942aa}" />
                      </cell>
                      <cell id="{775681e8-416d-aae8-e259-26eeb0a7e452}" showlabel="false">
                        <labels>
                          <label description="" languagecode="1033" />
                        </labels>
                      </cell>
                    </row>
                    <row>
                      <cell id="{55b2939e-8c22-4929-98e3-5f741db56aa1}" locklevel="0" colspan="4" rowspan="3" showlabel="true">
                        <labels>
                          <label description="Comments" languagecode="1033" />
                        </labels>
                        <control id="dhms_arpasupplementalcomments" classid="{E0DECE4B-6FC8-4A8F-A065-082708572369}" datafieldname="dhms_arpasupplementalcomments" disabled="false" uniqueid="{432bcbad-4595-3871-118b-97a182a57d67}" />
                      </cell>
                    </row>
                    <row />
                    <row />
                  </rows>
                </section>
                <section name="Information_section_MISC" showlabel="false" showbar="false" locklevel="0" id="{971a2300-47a9-7440-d641-5e2419638533}" IsUserDefined="0" layout="varwidth" columns="111" labelwidth="115" celllabelalignment="Left" celllabelposition="Left">
                  <labels>
                    <label description="MISC" languagecode="1033" />
                  </labels>
                  <rows>
                    <row>
                      <cell id="{1b039051-073f-41c8-a09f-25f0266e1c7c}" locklevel="0" colspan="1" rowspan="1" showlabel="true">
                        <labels>
                          <label description="Are all budgets Submitted" languagecode="1033" />
                        </labels>
                        <control id="dhms_areallbudgetssubmitted" classid="{F9A8A302-114E-466A-B582-6771B2AE0D92}" datafieldname="dhms_areallbudgetssubmitted" disabled="false" uniqueid="{8c929181-f24b-4955-b377-1d432d8f9c94}" />
                      </cell>
                      <cell id="{16e71ffb-8a94-4e54-8ee7-5a4884a1901f}" locklevel="0" colspan="1" rowspan="1" showlabel="true">
                        <labels>
                          <label description="Are we in receipt of ROEs" languagecode="1033" />
                        </labels>
                        <control id="dhms_areweinreceiptofroes" classid="{F9A8A302-114E-466A-B582-6771B2AE0D92}" datafieldname="dhms_areweinreceiptofroes" disabled="false" uniqueid="{5f1d421e-7141-49c0-8eed-2832e1914646}" />
                      </cell>
                      <cell id="{b47a93e4-573a-42d7-ba84-326eb1897bbe}" locklevel="0" colspan="1" rowspan="1" showlabel="true">
                        <labels>
                          <label description="Payments have been posted to correct Federal Resource" languagecode="1033" />
                        </labels>
                        <control id="dhms_correctfederalresourcepayments" classid="{F9A8A302-114E-466A-B582-6771B2AE0D92}" datafieldname="dhms_correctfederalresourcepayments" disabled="false" uniqueid="{cf701489-af9b-4255-ad3e-0e6346b0f8ba}" />
                      </cell>
                    </row>
                    <row>
                      <cell id="{3e0c029e-6146-4b35-b1d2-4b2899819733}" locklevel="0" colspan="3" rowspan="5" showlabel="true" auto="false">
                        <labels>
                          <label description="Is Budget Submitted Comments" languagecode="1033" />
                        </labels>
                        <control id="dhms_isbudgetsubmittedcomments" classid="{E0DECE4B-6FC8-4A8F-A065-082708572369}" datafieldname="dhms_isbudgetsubmittedcomments" disabled="false" uniqueid="{01da246e-c211-b08d-8b49-1ae56596d12b}" />
                      </cell>
                    </row>
                    <row />
                    <row />
                    <row />
                    <row />
                    <row>
                      <cell id="{aea055b5-fd64-4352-9ec1-3b741bd84ffe}" locklevel="0" colspan="3" rowspan="5" showlabel="true">
                        <labels>
                          <label description="Receipt ROEs Comments" languagecode="1033" />
                        </labels>
                        <control id="dhms_receiptroescomments" classid="{F9A8A302-114E-466A-B582-6771B2AE0D92}" datafieldname="dhms_receiptroescomments" disabled="false" uniqueid="{e97b66f9-fe41-4ce8-b90c-a1b483da62aa}" />
                      </cell>
                    </row>
                    <row />
                    <row />
                    <row />
                    <row />
                    <row>
                      <cell id="{50b24345-dc4a-4e95-b9a5-2bc3eac31847}" locklevel="0" colspan="3" rowspan="5" showlabel="true">
                        <labels>
                          <label description="Federal Resource Payment Comment" languagecode="1033" />
                        </labels>
                        <control id="dhms_fedresourcepaymentcomment" classid="{E0DECE4B-6FC8-4A8F-A065-082708572369}" datafieldname="dhms_fedresourcepaymentcomment" disabled="false" uniqueid="{7703045b-0d98-ab3a-0346-285c92dec37e}" />
                      </cell>
                    </row>
                    <row />
                    <row />
                    <row />
                    <row />
                  </rows>
                </section>
              </sections>
            </column>
          </columns>
        </tab>
        <tab name="tab_tasks" id="30a1f846-4910-4622-8bf9-51f7e25fac53" IsUserDefined="0" locklevel="0" showlabel="true" expanded="false">
          <labels>
            <label description="Tasks" languagecode="1033" />
          </labels>
          <columns>
            <column width="100%">
              <sections>
                <section name="tab_tasks" id="afab746f-00ad-428e-8a02-6f132b221d2d" IsUserDefined="0" locklevel="0" showlabel="false" showbar="false" layout="varwidth" celllabelalignment="Left" celllabelposition="Left" columns="1" labelwidth="115">
                  <labels>
                    <label description="Section Tasks" languagecode="1033" />
                  </labels>
                  <rows>
                    <row>
                      <cell id="{cab4f60d-8b08-470f-8dc2-9ff6ddcf16b8}" showlabel="false">
                        <labels>
                          <label description="" languagecode="1033" />
                        </labels>
                      </cell>
                    </row>
                    <row>
                      <cell locklevel="0" id="{704678c1-8b55-4e8f-add9-6c36c0777b39}" rowspan="4" colspan="1" auto="false" showlabel="false">
                        <labels>
                          <label description="SG Tasks" languagecode="1033" />
                        </labels>
                        <control indicationOfSubgrid="true" id="Subgrid_tasks" classid="{E7A81278-8635-4D9E-8D4D-59480B391C5B}">
                          <parameters>
                            <RecordsPerPage>20</RecordsPerPage>
                            <AutoExpand>Fixed</AutoExpand>
                            <EnableQuickFind>false</EnableQuickFind>
                            <EnableViewPicker>false</EnableViewPicker>
                            <EnableChartPicker>true</EnableChartPicker>
                            <ChartGridMode>All</ChartGridMode>
                            <TargetEntityType>dhms_initiativetasks</TargetEntityType>
                            <ViewId>{B7DA456A-2D68-4C6B-B8F1-84C630AE1F23}</ViewId>
                            <ViewIds>{B7DA456A-2D68-4C6B-B8F1-84C630AE1F23}</ViewIds>
                            <RelationshipName>dhms_initiativetasks_InitiativeTracker</RelationshipName>
                          </parameters>
                        </control>
                      </cell>
                    </row>
                    <row />
                    <row />
                    <row />
                  </rows>
                </section>
              </sections>
            </column>
          </columns>
        </tab>
        <tab name="tab_new_Expense_Spent" id="eac3c8e5-75b2-4086-ba2f-ec11c363c092" IsUserDefined="0" locklevel="0" showlabel="true">
          <labels>
            <label description="Projected Spend" languagecode="1033" />
          </labels>
          <columns>
            <column width="100%">
              <sections>
                <section name="tab_5_section_1" id="6d603345-0a90-4697-8600-9965a5eb7566" IsUserDefined="0" locklevel="0" showlabel="false" showbar="false" layout="varwidth" celllabelalignment="Left" celllabelposition="Left" columns="1" labelwidth="115">
                  <labels>
                    <label description="New Section" languagecode="1033" />
                  </labels>
                  <rows>
                    <row>
                      <cell id="{846db6dc-dc45-4afa-95d9-f8bfb72b9f00}" showlabel="false">
                        <labels>
                          <label description="" languagecode="1033" />
                        </labels>
                      </cell>
                    </row>
                    <row>
                      <cell locklevel="0" id="{a2d6023c-4f0a-4021-8006-8608d7473089}" rowspan="4" colspan="1" auto="false" showlabel="false">
                        <labels>
                          <label description="SG Expense Spent" languagecode="1033" />
                        </labels>
                        <control indicationOfSubgrid="true" id="Subgrid_Expense_Spent" classid="{E7A81278-8635-4D9E-8D4D-59480B391C5B}">
                          <parameters>
                            <RecordsPerPage>20</RecordsPerPage>
                            <AutoExpand>Fixed</AutoExpand>
                            <EnableQuickFind>false</EnableQuickFind>
                            <EnableViewPicker>false</EnableViewPicker>
                            <EnableChartPicker>true</EnableChartPicker>
                            <ChartGridMode>All</ChartGridMode>
                            <TargetEntityType>dhms_expensespent</TargetEntityType>
                            <ViewId>{03B93FBD-F58A-45A4-A609-0F55CC598808}</ViewId>
                            <ViewIds>{03B93FBD-F58A-45A4-A609-0F55CC598808}</ViewIds>
                            <RelationshipName>dhms_InitiativeTracker_dhms_InitiativeTracker_dhms_ExpenseSpent</RelationshipName>
                          </parameters>
                        </control>
                      </cell>
                    </row>
                    <row />
                    <row />
                    <row />
                  </rows>
                </section>
              </sections>
            </column>
          </columns>
        </tab>
      </tabs>
      <header id="{60e1c16e-0712-451b-9f90-a1711c409a62}" celllabelposition="Top" columns="111" labelwidth="115" celllabelalignment="Left">
        <rows>
          <row>
            <cell id="{9de9811c-00b5-4f7d-803e-d961aebac8cf}" showlabel="false">
              <labels>
                <label description="" languagecode="1033" />
              </labels>
            </cell>
            <cell id="{e055e8ff-c17a-4435-b9f4-a864df2adcd2}" showlabel="false">
              <labels>
                <label description="" languagecode="1033" />
              </labels>
            </cell>
            <cell id="{28828725-c740-40c8-b5aa-959972c6b3c2}" showlabel="false">
              <labels>
                <label description="" languagecode="1033" />
              </labels>
            </cell>
          </row>
        </rows>
      </header>
      <footer id="{a56ec882-a4da-4847-ac0c-38ef6cdfd1f0}" celllabelposition="Top" columns="111" labelwidth="115" celllabelalignment="Left">
        <rows>
          <row>
            <cell id="{10ab0a00-5f3f-4814-9040-59721ec0b70b}" showlabel="false">
              <labels>
                <label description="" languagecode="1033" />
              </labels>
            </cell>
            <cell id="{f4d5f108-dbd2-4beb-b017-9265af625d22}" showlabel="false">
              <labels>
                <label description="" languagecode="1033" />
              </labels>
            </cell>
            <cell id="{fe14862d-7e4f-45e1-b94f-7a3e120e98b5}" showlabel="false">
              <labels>
                <label description="" languagecode="1033" />
              </labels>
            </cell>
          </row>
        </rows>
      </footer>
      <Navigation>
        <NavBar></NavBar>
        <NavBarAreas>
          <NavBarArea Id="Info">
            <Titles>
              <Title LCID="1033" Text="Common" />
            </Titles>
          </NavBarArea>
          <NavBarArea Id="Sales">
            <Titles>
              <Title LCID="1033" Text="Sales" />
            </Titles>
          </NavBarArea>
          <NavBarArea Id="Service">
            <Titles>
              <Title LCID="1033" Text="Service" />
            </Titles>
          </NavBarArea>
          <NavBarArea Id="Marketing">
            <Titles>
              <Title LCID="1033" Text="Marketing" />
            </Titles>
          </NavBarArea>
          <NavBarArea Id="ProcessCenter">
            <Titles>
              <Title LCID="1033" Text="Process Sessions" />
            </Titles>
          </NavBarArea>
        </NavBarAreas>
      </Navigation>
      <controlDescriptions>
        <controlDescription forControl="{e97b66f9-fe41-4ce8-b90c-a1b483da62aa}">
          <customControl id="{E0DECE4B-6FC8-4A8F-A065-082708572369}" formFactor="0">
            <parameters>
              <datafieldname>dhms_receiptroescomments</datafieldname>
            </parameters>
          </customControl>
          <customControl id="{E0DECE4B-6FC8-4A8F-A065-082708572369}" formFactor="1">
            <parameters>
              <datafieldname>dhms_receiptroescomments</datafieldname>
            </parameters>
          </customControl>
          <customControl id="{E0DECE4B-6FC8-4A8F-A065-082708572369}" formFactor="2">
            <parameters>
              <datafieldname>dhms_receiptroescomments</datafieldname>
            </parameters>
          </customControl>
          <customControl name="MscrmControls.RichTextEditorV2.RichTextEditorControlV2" formFactor="-1">
            <parameters>
              <value>dhms_receiptroescomments</value>
            </parameters>
          </customControl>
        </controlDescription>
        <controlDescription forControl="{8c929181-f24b-4955-b377-1d432d8f9c94}">
          <customControl id="{3EF39988-22BB-4F0B-BBBE-64B5A3748AEE}">
            <parameters>
              <datafieldname>dhms_areallbudgetssubmitted</datafieldname>
            </parameters>
          </customControl>
          <customControl formFactor="0" name="MscrmControls.OptionSet.OptionSetControl">
            <parameters>
              <value>dhms_areallbudgetssubmitted</value>
            </parameters>
          </customControl>
          <customControl formFactor="1" name="MscrmControls.OptionSet.OptionSetControl">
            <parameters>
              <value>dhms_areallbudgetssubmitted</value>
            </parameters>
          </customControl>
          <customControl formFactor="2" name="MscrmControls.OptionSet.OptionSetControl">
            <parameters>
              <value>dhms_areallbudgetssubmitted</value>
            </parameters>
          </customControl>
        </controlDescription>
        <controlDescription forControl="{5f1d421e-7141-49c0-8eed-2832e1914646}">
          <customControl id="{3EF39988-22BB-4F0B-BBBE-64B5A3748AEE}">
            <parameters>
              <datafieldname>dhms_areweinreceiptofroes</datafieldname>
            </parameters>
          </customControl>
          <customControl formFactor="0" name="MscrmControls.OptionSet.OptionSetControl">
            <parameters>
              <value>dhms_areweinreceiptofroes</value>
            </parameters>
          </customControl>
          <customControl formFactor="1" name="MscrmControls.OptionSet.OptionSetControl">
            <parameters>
              <value>dhms_areweinreceiptofroes</value>
            </parameters>
          </customControl>
          <customControl formFactor="2" name="MscrmControls.OptionSet.OptionSetControl">
            <parameters>
              <value>dhms_areweinreceiptofroes</value>
            </parameters>
          </customControl>
        </controlDescription>
        <controlDescription forControl="{cf701489-af9b-4255-ad3e-0e6346b0f8ba}">
          <customControl id="{3EF39988-22BB-4F0B-BBBE-64B5A3748AEE}">
            <parameters>
              <datafieldname>dhms_correctfederalresourcepayments</datafieldname>
            </parameters>
          </customControl>
          <customControl formFactor="0" name="MscrmControls.OptionSet.OptionSetControl">
            <parameters>
              <value>dhms_correctfederalresourcepayments</value>
            </parameters>
          </customControl>
          <customControl formFactor="1" name="MscrmControls.OptionSet.OptionSetControl">
            <parameters>
              <value>dhms_correctfederalresourcepayments</value>
            </parameters>
          </customControl>
          <customControl formFactor="2" name="MscrmControls.OptionSet.OptionSetControl">
            <parameters>
              <value>dhms_correctfederalresourcepayments</value>
            </parameters>
          </customControl>
        </controlDescription>
      </controlDescriptions>
      <formLibraries>
        <Library name="dhms_InitiativeNameChoiceUpdate" libraryUniqueId="{a33ba3a5-b836-6605-3da7-a5ed9b53b7b1}" />
        <Library name="dhms_WeekOfMeetingScript" libraryUniqueId="{6aa1e417-d930-23be-26c5-c38a388c9aa6}" />
      </formLibraries>
      <events>
        <event name="onchange" application="false" active="false" attribute="dhms_initiative">
          <Handlers>
            <Handler functionName="updateInitiativeName" libraryName="dhms_InitiativeNameChoiceUpdate" handlerUniqueId="{b6bc0796-2321-0e7e-d6c0-aa9393d6d25d}" enabled="true" parameters="" passExecutionContext="true" />
          </Handlers>
        </event>
        <event name="onchange" application="false" active="false" attribute="dhms_dateofmeeting">
          <Handlers>
            <Handler functionName="setMondayForWeekOfMeeting" libraryName="dhms_WeekOfMeetingScript" handlerUniqueId="{bbb69ae7-e822-0e1e-2d26-85804356de9c}" enabled="true" parameters="" passExecutionContext="true" />
          </Handlers>
        </event>
      </events>
      <DisplayConditions Order="0" FallbackForm="true">
        <Everyone />
      </DisplayConditions>
    </form>
    <IsCustomizable>1</IsCustomizable>
    <CanBeDeleted>1</CanBeDeleted>
    <LocalizedNames>
      <LocalizedName description="Initiative Form" languagecode="1033" />
    </LocalizedNames>
    <Descriptions>
      <Description description="A form for this entity." languagecode="1033" />
    </Descriptions>
  </systemform>
</forms>