﻿<?xml version="1.0" encoding="utf-8"?>
<forms xmlns:xsi="http://www.w3.org/2001/XMLSchema-instance">
  <systemform>
    <formid>{0489706c-f18b-4ee2-8e5a-7d0ec61c6690}</formid>
    <IntroducedVersion>1.0.0.0</IntroducedVersion>
    <FormPresentation>1</FormPresentation>
    <FormActivationState>1</FormActivationState>
    <form headerdensity="HighWithControls">
      <tabs>
        <tab verticallayout="true" id="{a8d8a6b3-d9ec-4899-9c3f-ec8f1952f7dd}" IsUserDefined="1" name="Contract Information">
          <labels>
            <label description="Contract Info" languagecode="1033" />
          </labels>
          <columns>
            <column width="100%">
              <sections>
                <section showlabel="false" showbar="false" IsUserDefined="0" id="{ca75f27f-acec-4ae7-a35d-73d2f6ede558}" name="Contract Information" columns="11" celllabelposition="Left">
                  <labels>
                    <label description="General" languagecode="1033" />
                  </labels>
                  <rows>
                    <row>
                      <cell id="{e6a9bd1b-3d9e-4444-b0fc-aa325e887f0a}" visible="false">
                        <labels>
                          <label description="Name" languagecode="1033" />
                        </labels>
                        <control id="dhms_name" classid="{4273EDBD-AC1D-40d3-9FB2-095C621B552D}" datafieldname="dhms_name" />
                      </cell>
                      <cell locklevel="0" id="{91a21940-08d7-4c65-81d0-24fb7bd3a7b1}" showlabel="false">
                        <labels>
                          <label description="" languagecode="1033" />
                        </labels>
                      </cell>
                    </row>
                    <row>
                      <cell id="{0d4faf92-7a35-4a2d-885b-5f9ce5b303fe}" visible="false">
                        <labels>
                          <label description="Owner" languagecode="1033" />
                        </labels>
                        <control id="ownerid" classid="{270BD3DB-D9AF-4782-9025-509E298DEC0A}" datafieldname="ownerid" />
                      </cell>
                      <cell locklevel="0" id="{bb467ffd-641b-4a17-9fa5-628747d3e9cf}" showlabel="false">
                        <labels>
                          <label description="" languagecode="1033" />
                        </labels>
                      </cell>
                    </row>
                    <row>
                      <cell id="{ef6939bd-9f2b-4483-9661-10cdeefc472a}" locklevel="0" colspan="1" rowspan="1">
                        <labels>
                          <label description="Contract For" languagecode="1033" />
                        </labels>
                        <control id="dhms_contractfor" classid="{F9A8A302-114E-466A-B582-6771B2AE0D92}" datafieldname="dhms_contractfor" disabled="false" uniqueid="{2b4207ed-bb8b-44f8-9aef-b74a8a12018f}" />
                      </cell>
                      <cell locklevel="0" id="{a3c4da9e-06a6-4f8e-9118-8602bfcda7ff}" showlabel="false">
                        <labels>
                          <label description="" languagecode="1033" />
                        </labels>
                      </cell>
                    </row>
                    <row>
                      <cell id="{309488af-9d60-4889-a4bc-376ea618efe9}" locklevel="0" colspan="2" rowspan="3">
                        <labels>
                          <label description="Contract Details" languagecode="1033" />
                        </labels>
                        <control id="dhms_contractinfo" classid="{E0DECE4B-6FC8-4A8F-A065-082708572369}" datafieldname="dhms_contractinfo" disabled="false" />
                      </cell>
                    </row>
                    <row />
                    <row />
                    <row>
                      <cell id="{94f541ad-bbfe-4968-9ad7-cc80c9226a1e}" locklevel="0" colspan="1" rowspan="1">
                        <labels>
                          <label description="ROE Contracted Amount" languagecode="1033" />
                        </labels>
                        <control id="dhms_roeamountgranted" classid="{533B9E00-756B-4312-95A0-DC888637AC78}" datafieldname="dhms_roeamountgranted" disabled="false" />
                      </cell>
                      <cell id="{2cd8a98d-d7b6-465d-98eb-7d4cd0a2db7b}" locklevel="0" colspan="1" rowspan="1">
                        <labels>
                          <label description="ROE Amount Spent" languagecode="1033" />
                        </labels>
                        <control id="dhms_roeamountspent" classid="{533B9E00-756B-4312-95A0-DC888637AC78}" datafieldname="dhms_roeamountspent" disabled="false" />
                      </cell>
                    </row>
                    <row>
                      <cell id="{c2717620-cd1b-45b1-bf51-15bac9248a6a}" locklevel="0" colspan="1" rowspan="1">
                        <labels>
                          <label description="ROE Remaining Amount" languagecode="1033" />
                        </labels>
                        <control id="dhms_roeremainingamount" classid="{533B9E00-756B-4312-95A0-DC888637AC78}" datafieldname="dhms_roeremainingamount" disabled="false" />
                      </cell>
                      <cell id="{31a0537d-959b-c616-534c-daca620bd702}" showlabel="false" userspacer="true">
                        <labels>
                          <label description="" languagecode="1033" />
                        </labels>
                      </cell>
                    </row>
                    <row>
                      <cell id="{c63c9db4-d887-43a9-a982-96a163dab34e}" locklevel="0" colspan="2" rowspan="3">
                        <labels>
                          <label description="Contract Comments" languagecode="1033" />
                        </labels>
                        <control id="dhms_contractcomments" classid="{E0DECE4B-6FC8-4A8F-A065-082708572369}" datafieldname="dhms_contractcomments" disabled="false" />
                      </cell>
                    </row>
                  </rows>
                </section>
              </sections>
            </column>
          </columns>
        </tab>
      </tabs>
      <header id="{d7f4392f-626a-4318-bfb4-0d02ba84370f}" celllabelposition="Top" columns="111" labelwidth="115" celllabelalignment="Left">
        <rows>
          <row>
            <cell id="{8ff912d5-0704-4f00-9af9-1ed8bfce1c4e}" showlabel="false">
              <labels>
                <label description="" languagecode="1033" />
              </labels>
            </cell>
            <cell id="{99a4715a-c399-42b5-bef8-fab37bb41f4b}" showlabel="false">
              <labels>
                <label description="" languagecode="1033" />
              </labels>
            </cell>
            <cell id="{d02049f5-21b8-4698-b332-2a44064d9013}" showlabel="false">
              <labels>
                <label description="" languagecode="1033" />
              </labels>
            </cell>
          </row>
        </rows>
      </header>
      <footer id="{349b6be7-28f3-470c-bf3b-f8cc073631b7}" celllabelposition="Top" columns="111" labelwidth="115" celllabelalignment="Left">
        <rows>
          <row>
            <cell id="{6284a023-72c6-4162-9319-c4fb328d3eea}" showlabel="false">
              <labels>
                <label description="" languagecode="1033" />
              </labels>
            </cell>
            <cell id="{f08726ac-b6ba-438b-ab29-fdbfc4c90f7a}" showlabel="false">
              <labels>
                <label description="" languagecode="1033" />
              </labels>
            </cell>
            <cell id="{3417ba44-2564-42ad-8419-c8d0abca9b53}" showlabel="false">
              <labels>
                <label description="" languagecode="1033" />
              </labels>
            </cell>
          </row>
        </rows>
      </footer>
      <controlDescriptions>
        <controlDescription forControl="{2b4207ed-bb8b-44f8-9aef-b74a8a12018f}">
          <customControl id="{3EF39988-22BB-4F0B-BBBE-64B5A3748AEE}">
            <parameters>
              <datafieldname>dhms_contractfor</datafieldname>
            </parameters>
          </customControl>
          <customControl formFactor="0" name="MscrmControls.OptionSet.OptionSetControl">
            <parameters>
              <value type="OptionSet">dhms_contractfor</value>
            </parameters>
          </customControl>
          <customControl formFactor="2" name="MscrmControls.OptionSet.OptionSetControl">
            <parameters>
              <value type="OptionSet">dhms_contractfor</value>
            </parameters>
          </customControl>
          <customControl formFactor="1" name="MscrmControls.OptionSet.OptionSetControl">
            <parameters>
              <value type="OptionSet">dhms_contractfor</value>
            </parameters>
          </customControl>
        </controlDescription>
      </controlDescriptions>
      <Navigation>
        <NavBar />
        <NavBarAreas>
          <NavBarArea Id="Info">
            <Titles>
              <Title LCID="1033" Text="Common" />
            </Titles>
          </NavBarArea>
          <NavBarArea Id="Sales">
            <Titles>
              <Title LCID="1033" Text="Sales" />
            </Titles>
          </NavBarArea>
          <NavBarArea Id="Service">
            <Titles>
              <Title LCID="1033" Text="Service" />
            </Titles>
          </NavBarArea>
          <NavBarArea Id="Marketing">
            <Titles>
              <Title LCID="1033" Text="Marketing" />
            </Titles>
          </NavBarArea>
          <NavBarArea Id="ProcessCenter">
            <Titles>
              <Title LCID="1033" Text="Process Sessions" />
            </Titles>
          </NavBarArea>
        </NavBarAreas>
      </Navigation>
      <DisplayConditions Order="0" FallbackForm="true">
        <Everyone />
      </DisplayConditions>
    </form>
    <IsCustomizable>1</IsCustomizable>
    <CanBeDeleted>1</CanBeDeleted>
    <LocalizedNames>
      <LocalizedName description="Information" languagecode="1033" />
    </LocalizedNames>
    <Descriptions>
      <Description description="A form for this entity." languagecode="1033" />
    </Descriptions>
  </systemform>
</forms>