﻿<?xml version="1.0" encoding="utf-8"?>
<forms xmlns:xsi="http://www.w3.org/2001/XMLSchema-instance">
  <systemform>
    <formid>{455d1376-ed63-ef11-bfe2-001dd808251b}</formid>
    <IntroducedVersion>1.0.0.0</IntroducedVersion>
    <FormPresentation>1</FormPresentation>
    <FormActivationState>1</FormActivationState>
    <form>
      <tabs>
        <tab id="F931FFE2-B873-473F-8F95-9502F0AA3F5E" name="tab_1" showlabel="false" labelid="{73455b58-e639-404c-bf0f-f90ae8852e52}">
          <labels>
            <label description="New Tab" languagecode="1033" />
          </labels>
          <columns>
            <column width="34%">
              <sections>
                <section id="0C655D4E-C6E3-424E-9AF5-71E72D30D12E" name="tab_quick_task_form" columns="1" showlabel="false" showbar="false" IsUserDefined="0" labelwidth="130" labelid="{a99f0208-95cc-4dc3-89a4-9972bf29408f}" celllabelposition="Left">
                  <labels>
                    <label description="Quick Task Form" languagecode="1033" />
                  </labels>
                  <rows>
                    <row>
                      <cell id="{57a5275a-dbf3-4cef-8775-c2c160d6b4eb}" locklevel="0" colspan="1" rowspan="1">
                        <labels>
                          <label description="Initiative Name" languagecode="1033" />
                        </labels>
                        <control id="dhms_initiativetracker" classid="{270BD3DB-D9AF-4782-9025-509E298DEC0A}" datafieldname="dhms_initiativetracker" disabled="true" />
                      </cell>
                    </row>
                    <row>
                      <cell id="{3b7dbbc5-9157-4a77-93f1-8166c6803c07}" locklevel="0" colspan="1" rowspan="5" labelid="{e2ccf905-7421-429d-9874-588b9e97bd8b}">
                        <labels>
                          <label description="Task Specifics" languagecode="1033" />
                        </labels>
                        <control id="dhms_taskspecifics" classid="{E0DECE4B-6FC8-4A8F-A065-082708572369}" datafieldname="dhms_taskspecifics" disabled="false" />
                      </cell>
                    </row>
                    <row />
                    <row />
                    <row />
                    <row />
                    <row>
                      <cell id="{136fc1c4-2de1-4d51-ae5f-d1cf64c8c1f7}" locklevel="0" colspan="1" rowspan="1" labelid="{37659247-292a-4891-969f-560ab56ac51b}">
                        <labels>
                          <label description="By When" languagecode="1033" />
                        </labels>
                        <control id="dhms_bywhen" classid="{5B773807-9FB2-42DB-97C3-7A91EFF8ADFF}" datafieldname="dhms_bywhen" disabled="false" />
                      </cell>
                    </row>
                    <row>
                      <cell id="{19270a02-8562-4ec4-bf96-359c4676026c}" locklevel="0" colspan="1" rowspan="1">
                        <labels>
                          <label description="By Whom" languagecode="1033" />
                        </labels>
                        <control id="dhms_bywhom" classid="{4AA28AB7-9C13-4F57-A73D-AD894D048B5F}" datafieldname="dhms_bywhom" disabled="false" />
                      </cell>
                    </row>
                    <row>
                      <cell id="{dd395bb1-d8a1-4417-8ba9-3a12b318f310}" locklevel="0" colspan="1" rowspan="1" labelid="{48709045-f1ec-4647-a6b3-36060b068c8e}">
                        <labels>
                          <label description="Comments" languagecode="1033" />
                        </labels>
                        <control id="dhms_comments" classid="{E0DECE4B-6FC8-4A8F-A065-082708572369}" datafieldname="dhms_comments" disabled="false" />
                      </cell>
                    </row>
                    <row>
                      <cell id="{8d2d17c5-743a-4cc2-87ef-d124249a0f69}" locklevel="0" colspan="1" rowspan="1">
                        <labels>
                          <label description="Task Status" languagecode="1033" />
                        </labels>
                        <control id="dhms_taskstatus" classid="{F9A8A302-114E-466A-B582-6771B2AE0D92}" datafieldname="dhms_taskstatus" disabled="false" uniqueid="{fb5aa1ef-c8c7-4a9e-b42f-dba2923118d5}" />
                      </cell>
                    </row>
                  </rows>
                </section>
              </sections>
            </column>
            <column width="33%">
              <sections>
                <section id="02DECBA0-3AE2-484D-A19F-C5353AF4F4F2" name="tab_1_column_2_section_1" columns="1" showlabel="true" showbar="false" IsUserDefined="0" labelwidth="130" visible="false" labelid="{7ba2d72b-02cc-461a-9a9d-428f6bc1eaf4}">
                  <labels>
                    <label description="New Section" languagecode="1033" />
                  </labels>
                  <rows>
                    <row>
                      <cell id="266FE48D-4D04-4E9A-8C5A-7DEF9A2F059B" labelid="{687c854a-02d7-4064-b175-1858088d563f}">
                        <labels>
                          <label description="" languagecode="1033" />
                        </labels>
                      </cell>
                    </row>
                  </rows>
                </section>
              </sections>
            </column>
            <column width="33%">
              <sections>
                <section id="46FD66EA-B686-41D9-AAE0-C565BD78EC1F" name="tab_1_column_3_section_1" columns="1" showlabel="true" showbar="false" IsUserDefined="0" labelwidth="130" visible="false" labelid="{9c0ba2e8-fb09-4366-8b96-e8dcf582b502}">
                  <labels>
                    <label description="New Section" languagecode="1033" />
                  </labels>
                  <rows>
                    <row>
                      <cell id="07C04A4E-A482-45CC-BAB7-7FCA3CD02938" labelid="{d2f053cb-af3b-484c-bae4-335bf456f8b0}">
                        <labels>
                          <label description="" languagecode="1033" />
                        </labels>
                      </cell>
                    </row>
                  </rows>
                </section>
              </sections>
            </column>
          </columns>
        </tab>
      </tabs>
      <DisplayConditions Order="0" FallbackForm="true">
        <Role Id="{627090ff-40a3-4053-8790-584edc5be201}" />
        <Role Id="{119f245c-3cc8-4b62-b31c-d1a046ced15d}" />
        <Role Id="{17a39e7b-545d-45f8-b2dc-562bf3aa3ae0}" />
      </DisplayConditions>
      <controlDescriptions>
        <controlDescription forControl="{fb5aa1ef-c8c7-4a9e-b42f-dba2923118d5}">
          <customControl id="{3EF39988-22BB-4F0B-BBBE-64B5A3748AEE}">
            <parameters>
              <datafieldname>dhms_taskstatus</datafieldname>
            </parameters>
          </customControl>
          <customControl formFactor="0" name="subtil_nunosubtil.PCFHoverOptionSet">
            <parameters>
              <optionsetFieldControl type="OptionSet">dhms_taskstatus</optionsetFieldControl>
            </parameters>
          </customControl>
          <customControl formFactor="2" name="subtil_nunosubtil.PCFHoverOptionSet">
            <parameters>
              <optionsetFieldControl type="OptionSet">dhms_taskstatus</optionsetFieldControl>
            </parameters>
          </customControl>
          <customControl formFactor="1" name="subtil_nunosubtil.PCFHoverOptionSet">
            <parameters>
              <optionsetFieldControl type="OptionSet">dhms_taskstatus</optionsetFieldControl>
            </parameters>
          </customControl>
        </controlDescription>
      </controlDescriptions>
    </form>
    <IsCustomizable>1</IsCustomizable>
    <CanBeDeleted>1</CanBeDeleted>
    <LocalizedNames>
      <LocalizedName description="Initiative Tasks Quick Create Form" languagecode="1033" />
    </LocalizedNames>
  </systemform>
</forms>