﻿<?xml version="1.0" encoding="utf-8"?>
<Dashboard xmlns:xsi="http://www.w3.org/2001/XMLSchema-instance">
  <LocalizedNames>
    <LocalizedName description="Initiative Grant Dashboard" languagecode="1033" />
  </LocalizedNames>
  <FormId>{ec2c0ffe-c06b-ef11-a671-001dd802038b}</FormId>
  <IsCustomizable>1</IsCustomizable>
  <IsDefault>0</IsDefault>
  <FormXml>
    <forms type="powerbi">
      <form>
        <tabs>
          <tab showlabel="false" verticallayout="true" id="{e2699c3d-bba3-4ffa-8090-8021f4527f3f}">
            <labels>
              <label description="" languagecode="1033" />
            </labels>
            <columns>
              <column width="100%">
                <sections>
                  <section showlabel="false" showbar="false" columns="111" id="{912ff070-f066-4bf4-b232-dab5a9c20cad}">
                    <labels>
                      <label description="" languagecode="1033" />
                    </labels>
                    <rows>
                      <row>
                        <cell colspan="3" rowspan="24" showlabel="false" id="{f2fefd4b-9852-4e8c-be27-842cd9d195bc}" availableforphone="false">
                          <labels>
                            <label description="" languagecode="1033" />
                          </labels>
                          <control id="c029268d-a3ed-4750-a2cf-7fda4632bd0d" classid="{8C54228C-1B25-4909-A12A-F2B968BB0D62}">
                            <parameters>
                              <PowerBIGroupId>fab28987-7cae-4b5f-a838-7bbbff4610cd</PowerBIGroupId>
                              <PowerBIReportId>919e87e2-b073-4384-a005-06f2d6bcd19f</PowerBIReportId>
                              <TileUrl>https://app.powerbigov.us/reportEmbed?w=2&amp;config=eyJjbHVzdGVyVXJsIjoiaHR0cHM6Ly9XQUJJLVVTLUdPVi1JT1dBLXJlZGlyZWN0LmFuYWx5c2lzLnVzZ292Y2xvdWRhcGkubmV0IiwiZW1iZWRGZWF0dXJlcyI6eyJ1c2FnZU1ldHJpY3NWTmV4dCI6dHJ1ZX19&amp;groupId=fab28987-7cae-4b5f-a838-7bbbff4610cd&amp;reportId=919e87e2-b073-4384-a005-06f2d6bcd19f</TileUrl>
                              <Type>2</Type>
                            </parameters>
                          </control>
                        </cell>
                      </row>
                    </rows>
                  </section>
                </sections>
              </column>
            </columns>
          </tab>
        </tabs>
      </form>
    </forms>
  </FormXml>
  <IntroducedVersion>1.0.0.0</IntroducedVersion>
  <IsTabletEnabled>0</IsTabletEnabled>
</Dashboard>