﻿<?xml version="1.0" encoding="utf-8"?>
<savedqueries xmlns:xsi="http://www.w3.org/2001/XMLSchema-instance">
  <savedquery>
    <IsCustomizable>1</IsCustomizable>
    <CanBeDeleted>0</CanBeDeleted>
    <isquickfindquery>0</isquickfindquery>
    <isprivate>0</isprivate>
    <isdefault>0</isdefault>
    <savedqueryid>{1cf2e853-f8a4-412e-bdec-3576032d25ef}</savedqueryid>
    <layoutxml>
      <grid name="resultset" jump="dhms_name" select="1" icon="1" preview="1">
        <row name="result" id="dhms_initiativetrackerid">
          <cell name="dhms_initiative" width="133" />
          <cell name="dhms_supplemental" width="117" />
          <cell name="dhms_actualspent" width="113" />
          <cell name="dhms_actualspentlastdate" width="171" />
          <cell name="dhms_arpasupplemental" width="157" />
        </row>
      </grid>
    </layoutxml>
    <querytype>0</querytype>
    <fetchxml>
      <fetch version="1.0" mapping="logical">
        <entity name="dhms_initiativetracker">
          <attribute name="dhms_initiativetrackerid" />
          <filter type="and">
            <condition attribute="statecode" operator="eq" value="1" />
          </filter>
          <attribute name="dhms_initiative" />
          <attribute name="dhms_supplemental" />
          <attribute name="dhms_actualspent" />
          <attribute name="dhms_actualspentlastdate" />
          <attribute name="dhms_arpasupplemental" />
        </entity>
      </fetch>
    </fetchxml>
    <IntroducedVersion>1.0.0.0</IntroducedVersion>
    <LocalizedNames>
      <LocalizedName description="Inactive Initiative Trackers" languagecode="1033" />
    </LocalizedNames>
  </savedquery>
</savedqueries>