﻿<?xml version="1.0" encoding="utf-8"?>
<savedqueries xmlns:xsi="http://www.w3.org/2001/XMLSchema-instance">
  <savedquery>
    <IsCustomizable>1</IsCustomizable>
    <CanBeDeleted>0</CanBeDeleted>
    <isquickfindquery>0</isquickfindquery>
    <isprivate>0</isprivate>
    <isdefault>1</isdefault>
    <savedqueryid>{fa4ed881-4c66-4c22-b84a-b2a491636a85}</savedqueryid>
    <layoutxml>
      <grid name="resultset" jump="dhms_name" select="1" icon="1" preview="1">
        <row name="result" id="dhms_initiativetrackerid">
          <cell name="dhms_initiative" width="100" />
          <cell name="dhms_supplemental" width="117" />
          <cell name="dhms_actualspent" width="113" />
          <cell name="dhms_contractedamount" width="151" />
          <cell name="dhms_actualspentlastdate" width="171" />
        </row>
      </grid>
    </layoutxml>
    <querytype>0</querytype>
    <fetchxml>
      <fetch version="1.0" mapping="logical">
        <entity name="dhms_initiativetracker">
          <attribute name="dhms_initiativetrackerid" />
          <filter type="and">
            <condition attribute="statecode" operator="eq" value="0" />
          </filter>
          <attribute name="dhms_actualspent" />
          <attribute name="dhms_actualspentlastdate" />
          <attribute name="dhms_supplemental" />
          <attribute name="dhms_initiative" />
          <attribute name="dhms_contractedamount" />
          <order attribute="dhms_initiative" descending="false" />
        </entity>
      </fetch>
    </fetchxml>
    <IntroducedVersion>1.0.0.0</IntroducedVersion>
    <LocalizedNames>
      <LocalizedName description="Active Initiative Trackers" languagecode="1033" />
    </LocalizedNames>
  </savedquery>
</savedqueries>