﻿<?xml version="1.0" encoding="utf-8"?>
<forms xmlns:xsi="http://www.w3.org/2001/XMLSchema-instance">
  <systemform>
    <formid>{550ab96a-394a-43d7-981d-04291fc17839}</formid>
    <IntroducedVersion>1.0.0.0</IntroducedVersion>
    <FormPresentation>1</FormPresentation>
    <FormActivationState>1</FormActivationState>
    <form headerdensity="HighWithControls">
      <tabs>
        <tab verticallayout="true" id="{361e66a0-4c75-4cce-a589-5f5c9c1148bb}" IsUserDefined="1" name="Expense Spent Info">
          <labels>
            <label description="Information" languagecode="1033" />
          </labels>
          <columns>
            <column width="100%">
              <sections>
                <section showlabel="false" showbar="false" IsUserDefined="0" id="{3c89940a-ebe0-44ec-918c-30bb270ce955}" name="Expense Information" columns="1111">
                  <labels>
                    <label description="General" languagecode="1033" />
                  </labels>
                  <rows>
                    <row>
                      <cell id="{9066fa30-b10d-4a38-91ab-5c962a71c6e7}" locklevel="0" colspan="2" rowspan="1">
                        <labels>
                          <label description="Initiative Name" languagecode="1033" />
                        </labels>
                        <control id="dhms_initiativetracker" classid="{270BD3DB-D9AF-4782-9025-509E298DEC0A}" datafieldname="dhms_initiativetracker" disabled="true" />
                      </cell>
                      <cell id="{c1ce1246-9ae8-c07b-3818-36d96a512300}" showlabel="false" userspacer="true">
                        <labels>
                          <label description="" languagecode="1033" />
                        </labels>
                      </cell>
                      <cell id="{33cc330e-67bc-a0c7-ba21-720d4039922a}" showlabel="false" userspacer="true">
                        <labels>
                          <label description="" languagecode="1033" />
                        </labels>
                      </cell>
                    </row>
                    <row>
                      <cell id="{ed3ab54b-c1c8-4dc4-b820-e656a4234534}" locklevel="0" colspan="2" rowspan="1">
                        <labels>
                          <label description="Projected Monthly Spent On" languagecode="1033" />
                        </labels>
                        <control id="dhms_projectedmonthlyspenton" classid="{F9A8A302-114E-466A-B582-6771B2AE0D92}" datafieldname="dhms_projectedmonthlyspenton" disabled="true" uniqueid="{d8e2c689-a070-498b-84f5-99b30372aeba}" />
                      </cell>
                      <cell id="{d43db7d6-8c6c-4742-8601-2ebe72e2ca6e}" locklevel="0" colspan="1" rowspan="1">
                        <labels>
                          <label description="Year" languagecode="1033" />
                        </labels>
                        <control id="dhms_year" classid="{3EF39988-22BB-4F0B-BBBE-64B5A3748AEE}" datafieldname="dhms_year" disabled="true" />
                      </cell>
                      <cell id="{785875f7-efb8-4b14-ab78-730c34517c4d}" locklevel="0" colspan="1" rowspan="1">
                        <labels>
                          <label description="Total Year Amount" languagecode="1033" />
                        </labels>
                        <control id="dhms_yeartotalamount" classid="{533B9E00-756B-4312-95A0-DC888637AC78}" datafieldname="dhms_yeartotalamount" disabled="false" />
                      </cell>
                    </row>
                    <row>
                      <cell id="{0af74282-55c2-44a5-bed7-053e6a0bcc48}" locklevel="0" colspan="1" rowspan="1">
                        <labels>
                          <label description="JAN" languagecode="1033" />
                        </labels>
                        <control id="dhms_janamount" classid="{533B9E00-756B-4312-95A0-DC888637AC78}" datafieldname="dhms_janamount" disabled="false" />
                      </cell>
                      <cell id="{0d47a7d3-7e72-4127-a1e1-ed1e07e3767c}" locklevel="0" colspan="1" rowspan="1">
                        <labels>
                          <label description="FEB" languagecode="1033" />
                        </labels>
                        <control id="dhms_febamount" classid="{533B9E00-756B-4312-95A0-DC888637AC78}" datafieldname="dhms_febamount" disabled="false" />
                      </cell>
                      <cell id="{ef5ad3e8-98ca-4e0e-b765-bc9a6c3952bc}" locklevel="0" colspan="1" rowspan="1">
                        <labels>
                          <label description="MAR" languagecode="1033" />
                        </labels>
                        <control id="dhms_maramount" classid="{533B9E00-756B-4312-95A0-DC888637AC78}" datafieldname="dhms_maramount" disabled="false" />
                      </cell>
                      <cell id="{fd1b6d10-2f48-4dc6-8d7b-983e2589536c}" locklevel="0" colspan="1" rowspan="1">
                        <labels>
                          <label description="APR" languagecode="1033" />
                        </labels>
                        <control id="dhms_apramount" classid="{533B9E00-756B-4312-95A0-DC888637AC78}" datafieldname="dhms_apramount" disabled="false" />
                      </cell>
                    </row>
                    <row>
                      <cell id="{145d3f69-2b2e-48b3-af0a-a29fcc99d57f}" locklevel="0" colspan="1" rowspan="1">
                        <labels>
                          <label description="MAY" languagecode="1033" />
                        </labels>
                        <control id="dhms_mayamount" classid="{533B9E00-756B-4312-95A0-DC888637AC78}" datafieldname="dhms_mayamount" disabled="false" />
                      </cell>
                      <cell id="{9cc6aeb8-c929-490a-b669-562eb83c07de}" locklevel="0" colspan="1" rowspan="1">
                        <labels>
                          <label description="JUN" languagecode="1033" />
                        </labels>
                        <control id="dhms_junamount" classid="{533B9E00-756B-4312-95A0-DC888637AC78}" datafieldname="dhms_junamount" disabled="false" />
                      </cell>
                      <cell id="{8565d242-fa96-409d-97ca-6266b8c7e9ce}" locklevel="0" colspan="1" rowspan="1">
                        <labels>
                          <label description="JUL" languagecode="1033" />
                        </labels>
                        <control id="dhms_julyamount" classid="{533B9E00-756B-4312-95A0-DC888637AC78}" datafieldname="dhms_julyamount" disabled="false" />
                      </cell>
                      <cell id="{2cd268ec-5a93-424e-8dd9-01d73472a05b}" locklevel="0" colspan="1" rowspan="1">
                        <labels>
                          <label description="AUG" languagecode="1033" />
                        </labels>
                        <control id="dhms_augamount" classid="{533B9E00-756B-4312-95A0-DC888637AC78}" datafieldname="dhms_augamount" disabled="false" />
                      </cell>
                    </row>
                    <row>
                      <cell id="{79206484-20c2-493f-b75a-ea2a6aed634b}" locklevel="0" colspan="1" rowspan="1">
                        <labels>
                          <label description="SEP" languagecode="1033" />
                        </labels>
                        <control id="dhms_septamount" classid="{533B9E00-756B-4312-95A0-DC888637AC78}" datafieldname="dhms_septamount" disabled="false" />
                      </cell>
                      <cell id="{31dfa936-6d5b-4176-b553-a2936a5a1a6a}" locklevel="0" colspan="1" rowspan="1">
                        <labels>
                          <label description="OCT" languagecode="1033" />
                        </labels>
                        <control id="dhms_octamount" classid="{533B9E00-756B-4312-95A0-DC888637AC78}" datafieldname="dhms_octamount" disabled="false" />
                      </cell>
                      <cell id="{3098eced-367f-456d-bc69-6b0c04e94e6d}" locklevel="0" colspan="1" rowspan="1">
                        <labels>
                          <label description="NOV" languagecode="1033" />
                        </labels>
                        <control id="dhms_novamount" classid="{533B9E00-756B-4312-95A0-DC888637AC78}" datafieldname="dhms_novamount" disabled="false" />
                      </cell>
                      <cell id="{886f4b80-0258-46b2-95c0-965b989cc797}" locklevel="0" colspan="1" rowspan="1">
                        <labels>
                          <label description="DEC" languagecode="1033" />
                        </labels>
                        <control id="dhms_decamount" classid="{533B9E00-756B-4312-95A0-DC888637AC78}" datafieldname="dhms_decamount" disabled="false" />
                      </cell>
                    </row>
                    <row>
                      <cell id="{6c4958c8-b754-4a1c-856d-145b56d06459}" visible="false">
                        <labels>
                          <label description="Owner" languagecode="1033" />
                        </labels>
                        <control id="ownerid" classid="{270BD3DB-D9AF-4782-9025-509E298DEC0A}" datafieldname="ownerid" />
                      </cell>
                      <cell id="{6192e02e-6680-783d-892a-6abae54ee22e}" showlabel="false">
                        <labels>
                          <label description="" languagecode="1033" />
                        </labels>
                      </cell>
                      <cell id="{e33de509-1a8c-04c4-d38d-016d978009e1}" showlabel="false">
                        <labels>
                          <label description="" languagecode="1033" />
                        </labels>
                      </cell>
                      <cell id="{364e9e49-aba9-1eb8-180d-2a9537064d8e}" showlabel="false">
                        <labels>
                          <label description="" languagecode="1033" />
                        </labels>
                      </cell>
                    </row>
                  </rows>
                </section>
              </sections>
            </column>
          </columns>
        </tab>
      </tabs>
      <header id="{f8e5450a-ac1e-44ed-9b54-90ab4c9eedf8}" celllabelposition="Top" columns="111" labelwidth="115" celllabelalignment="Left">
        <rows>
          <row>
            <cell id="{1571067f-3836-4503-8495-95bdcdeb8311}" showlabel="false">
              <labels>
                <label description="" languagecode="1033" />
              </labels>
            </cell>
            <cell id="{4844d4d9-1f0a-45b1-ab60-24553e079c6d}" showlabel="false">
              <labels>
                <label description="" languagecode="1033" />
              </labels>
            </cell>
            <cell id="{ffff24b9-6e7f-48b8-aa88-970c91596c55}" showlabel="false">
              <labels>
                <label description="" languagecode="1033" />
              </labels>
            </cell>
          </row>
        </rows>
      </header>
      <footer id="{4864d91e-21e9-4354-a4ed-78cf6145ff70}" celllabelposition="Top" columns="111" labelwidth="115" celllabelalignment="Left">
        <rows>
          <row>
            <cell id="{cc8a750e-7641-47f8-9e9e-7e336c0b631c}" showlabel="false">
              <labels>
                <label description="" languagecode="1033" />
              </labels>
            </cell>
            <cell id="{781e51c2-4bf4-4682-b772-eaabe936b732}" showlabel="false">
              <labels>
                <label description="" languagecode="1033" />
              </labels>
            </cell>
            <cell id="{f07f9f3b-95d8-49a1-a78f-f6589f7780bf}" showlabel="false">
              <labels>
                <label description="" languagecode="1033" />
              </labels>
            </cell>
          </row>
        </rows>
      </footer>
      <controlDescriptions>
        <controlDescription forControl="{d8e2c689-a070-498b-84f5-99b30372aeba}">
          <customControl id="{3EF39988-22BB-4F0B-BBBE-64B5A3748AEE}">
            <parameters>
              <datafieldname>dhms_projectedmonthlyspenton</datafieldname>
            </parameters>
          </customControl>
          <customControl formFactor="0" name="MscrmControls.OptionSet.OptionSetControl">
            <parameters>
              <value type="OptionSet">dhms_projectedmonthlyspenton</value>
            </parameters>
          </customControl>
          <customControl formFactor="2" name="MscrmControls.OptionSet.OptionSetControl">
            <parameters>
              <value type="OptionSet">dhms_projectedmonthlyspenton</value>
            </parameters>
          </customControl>
          <customControl formFactor="1" name="MscrmControls.OptionSet.OptionSetControl">
            <parameters>
              <value type="OptionSet">dhms_projectedmonthlyspenton</value>
            </parameters>
          </customControl>
        </controlDescription>
      </controlDescriptions>
      <Navigation>
        <NavBar></NavBar>
        <NavBarAreas>
          <NavBarArea Id="Info">
            <Titles>
              <Title LCID="1033" Text="Common" />
            </Titles>
          </NavBarArea>
          <NavBarArea Id="Sales">
            <Titles>
              <Title LCID="1033" Text="Sales" />
            </Titles>
          </NavBarArea>
          <NavBarArea Id="Service">
            <Titles>
              <Title LCID="1033" Text="Service" />
            </Titles>
          </NavBarArea>
          <NavBarArea Id="Marketing">
            <Titles>
              <Title LCID="1033" Text="Marketing" />
            </Titles>
          </NavBarArea>
          <NavBarArea Id="ProcessCenter">
            <Titles>
              <Title LCID="1033" Text="Process Sessions" />
            </Titles>
          </NavBarArea>
        </NavBarAreas>
      </Navigation>
      <DisplayConditions Order="0" FallbackForm="true">
        <Everyone />
      </DisplayConditions>
    </form>
    <IsCustomizable>1</IsCustomizable>
    <CanBeDeleted>1</CanBeDeleted>
    <LocalizedNames>
      <LocalizedName description="Information" languagecode="1033" />
    </LocalizedNames>
    <Descriptions>
      <Description description="A form for this entity." languagecode="1033" />
    </Descriptions>
  </systemform>
</forms>