﻿<?xml version="1.0" encoding="utf-8"?>
<WebResource xmlns:xsi="http://www.w3.org/2001/XMLSchema-instance">
  <WebResourceId>{435c6ea2-3570-ef11-a670-001dd80c0acf}</WebResourceId>
  <Name>dhms_TaskStatusHtmlRadio</Name>
  <DisplayName>Task Status in Radio Button</DisplayName>
  <WebResourceType>1</WebResourceType>
  <IntroducedVersion>1.0.0.0</IntroducedVersion>
  <IsEnabledForMobileClient>1</IsEnabledForMobileClient>
  <IsAvailableForMobileOffline>0</IsAvailableForMobileOffline>
  <DependencyXml>&lt;Dependencies&gt;&lt;Dependency componentType="WebResource"/&gt;&lt;/Dependencies&gt;</DependencyXml>
  <IsCustomizable>1</IsCustomizable>
  <CanBeDeleted>1</CanBeDeleted>
  <IsHidden>0</IsHidden>
  <FileName>/WebResources/dhms_TaskStatusHtmlRadio435C6EA2-3570-EF11-A670-001DD80C0ACF</FileName>
</WebResource>