﻿<?xml version="1.0" encoding="utf-8"?>
<RibbonDiffXml xmlns:xsi="http://www.w3.org/2001/XMLSchema-instance">
  <CustomActions>
    <HideCustomAction HideActionId="dhms.AccessChecker.OpenDialog.dhms_expensespent.Button.Hide" Location="AccessChecker.OpenDialog.dhms_expensespent.Button" />
    <HideCustomAction HideActionId="dhms.Mscrm.Form.dhms_expensespent.Activate.Hide" Location="Mscrm.Form.dhms_expensespent.Activate" />
    <HideCustomAction HideActionId="dhms.Mscrm.Form.dhms_expensespent.Assign.Hide" Location="Mscrm.Form.dhms_expensespent.Assign" />
    <HideCustomAction HideActionId="dhms.Mscrm.Form.dhms_expensespent.Deactivate.Hide" Location="Mscrm.Form.dhms_expensespent.Deactivate" />
    <HideCustomAction HideActionId="dhms.Mscrm.Form.dhms_expensespent.Delete.Hide" Location="Mscrm.Form.dhms_expensespent.Delete" />
    <HideCustomAction HideActionId="dhms.Mscrm.Form.dhms_expensespent.Flows.RefreshCommandBar.Flows.Hide" Location="Mscrm.Form.dhms_expensespent.Flows.RefreshCommandBar.Flows" />
    <HideCustomAction HideActionId="dhms.Mscrm.Form.dhms_expensespent.Flows.RefreshCommandBar.Hide" Location="Mscrm.Form.dhms_expensespent.Flows.RefreshCommandBar" />
    <HideCustomAction HideActionId="dhms.Mscrm.Form.dhms_expensespent.NewRecord.Hide" Location="Mscrm.Form.dhms_expensespent.NewRecord" />
    <HideCustomAction HideActionId="dhms.Mscrm.Form.dhms_expensespent.NewRecordForBPFEntity.Hide" Location="Mscrm.Form.dhms_expensespent.NewRecordForBPFEntity" />
    <HideCustomAction HideActionId="dhms.Mscrm.Form.dhms_expensespent.OpenActiveStage.Hide" Location="Mscrm.Form.dhms_expensespent.OpenActiveStage" />
    <HideCustomAction HideActionId="dhms.Mscrm.Form.dhms_expensespent.PDFButtonId.Hide" Location="Mscrm.Form.dhms_expensespent.PDFButtonId" />
    <HideCustomAction HideActionId="dhms.Mscrm.Form.dhms_expensespent.RefreshModernButton.Hide" Location="Mscrm.Form.dhms_expensespent.RefreshModernButton" />
    <HideCustomAction HideActionId="dhms.Mscrm.Form.dhms_expensespent.Reports.Hide" Location="Mscrm.Form.dhms_expensespent.Reports" />
    <HideCustomAction HideActionId="dhms.Mscrm.Form.dhms_expensespent.WordTemplate.Hide" Location="Mscrm.Form.dhms_expensespent.WordTemplate" />
    <HideCustomAction HideActionId="dhms.Mscrm.HomepageGrid.dhms_expensespent.Activate.Hide" Location="Mscrm.HomepageGrid.dhms_expensespent.Activate" />
    <HideCustomAction HideActionId="dhms.Mscrm.HomepageGrid.dhms_expensespent.Assign.Hide" Location="Mscrm.HomepageGrid.dhms_expensespent.Assign" />
    <HideCustomAction HideActionId="dhms.Mscrm.HomepageGrid.dhms_expensespent.ChangeDataSetControlButton.Hide" Location="Mscrm.HomepageGrid.dhms_expensespent.ChangeDataSetControlButton" />
    <HideCustomAction HideActionId="dhms.Mscrm.HomepageGrid.dhms_expensespent.Deactivate.Hide" Location="Mscrm.HomepageGrid.dhms_expensespent.Deactivate" />
    <HideCustomAction HideActionId="dhms.Mscrm.HomepageGrid.dhms_expensespent.DeleteMenu.Hide" Location="Mscrm.HomepageGrid.dhms_expensespent.DeleteMenu" />
    <HideCustomAction HideActionId="dhms.Mscrm.HomepageGrid.dhms_expensespent.Detect.Hide" Location="Mscrm.HomepageGrid.dhms_expensespent.Detect" />
    <HideCustomAction HideActionId="dhms.Mscrm.HomepageGrid.dhms_expensespent.Edit.Hide" Location="Mscrm.HomepageGrid.dhms_expensespent.Edit" />
    <HideCustomAction HideActionId="dhms.Mscrm.HomepageGrid.dhms_expensespent.Flows.RefreshCommandBar.Hide" Location="Mscrm.HomepageGrid.dhms_expensespent.Flows.RefreshCommandBar" />
    <HideCustomAction HideActionId="dhms.Mscrm.HomepageGrid.dhms_expensespent.MainTab.QuickPowerBI.Button.Hide" Location="Mscrm.HomepageGrid.dhms_expensespent.MainTab.QuickPowerBI.Button" />
    <HideCustomAction HideActionId="dhms.Mscrm.HomepageGrid.dhms_expensespent.modern.SendDirectEmail.Hide" Location="Mscrm.HomepageGrid.dhms_expensespent.modern.SendDirectEmail" />
    <HideCustomAction HideActionId="dhms.Mscrm.HomepageGrid.dhms_expensespent.NavigateToHomepageGrid.Hide" Location="Mscrm.HomepageGrid.dhms_expensespent.NavigateToHomepageGrid" />
    <HideCustomAction HideActionId="dhms.Mscrm.HomepageGrid.dhms_expensespent.OpenActiveStage.Hide" Location="Mscrm.HomepageGrid.dhms_expensespent.OpenActiveStage" />
    <HideCustomAction HideActionId="dhms.Mscrm.HomepageGrid.dhms_expensespent.OpenRecordInSidePane.Hide" Location="Mscrm.HomepageGrid.dhms_expensespent.OpenRecordInSidePane" />
    <HideCustomAction HideActionId="dhms.Mscrm.HomepageGrid.dhms_expensespent.RefreshModernButton.Hide" Location="Mscrm.HomepageGrid.dhms_expensespent.RefreshModernButton" />
    <HideCustomAction HideActionId="dhms.Mscrm.HomepageGrid.dhms_expensespent.RunScript.Hide" Location="Mscrm.HomepageGrid.dhms_expensespent.RunScript" />
    <HideCustomAction HideActionId="dhms.Mscrm.HomepageGrid.dhms_expensespent.RunWorkflow.Hide" Location="Mscrm.HomepageGrid.dhms_expensespent.RunWorkflow" />
    <HideCustomAction HideActionId="dhms.Mscrm.HomepageGrid.dhms_expensespent.SendDirectEmail.Hide" Location="Mscrm.HomepageGrid.dhms_expensespent.SendDirectEmail" />
    <HideCustomAction HideActionId="dhms.Mscrm.HomepageGrid.dhms_expensespent.Sharing.Hide" Location="Mscrm.HomepageGrid.dhms_expensespent.Sharing" />
    <HideCustomAction HideActionId="dhms.Mscrm.HomepageGrid.dhms_expensespent.ViewHierarchy.Hide" Location="Mscrm.HomepageGrid.dhms_expensespent.ViewHierarchy" />
    <HideCustomAction HideActionId="dhms.Mscrm.SubGrid.dhms_expensespent.Activate.Hide" Location="Mscrm.SubGrid.dhms_expensespent.Activate" />
    <HideCustomAction HideActionId="dhms.Mscrm.SubGrid.dhms_expensespent.AddExistingAssoc.Hide" Location="Mscrm.SubGrid.dhms_expensespent.AddExistingAssoc" />
    <HideCustomAction HideActionId="dhms.Mscrm.SubGrid.dhms_expensespent.AddExistingStandard.Hide" Location="Mscrm.SubGrid.dhms_expensespent.AddExistingStandard" />
    <HideCustomAction HideActionId="dhms.Mscrm.SubGrid.dhms_expensespent.Assign.Hide" Location="Mscrm.SubGrid.dhms_expensespent.Assign" />
    <HideCustomAction HideActionId="dhms.Mscrm.SubGrid.dhms_expensespent.AssociateParentChildCase.Hide" Location="Mscrm.SubGrid.dhms_expensespent.AssociateParentChildCase" />
    <HideCustomAction HideActionId="dhms.Mscrm.SubGrid.dhms_expensespent.BulkDelete.Hide" Location="Mscrm.SubGrid.dhms_expensespent.BulkDelete" />
    <HideCustomAction HideActionId="dhms.Mscrm.SubGrid.dhms_expensespent.ChangeDataSetControlButton.Hide" Location="Mscrm.SubGrid.dhms_expensespent.ChangeDataSetControlButton" />
    <HideCustomAction HideActionId="dhms.Mscrm.SubGrid.dhms_expensespent.Deactivate.Hide" Location="Mscrm.SubGrid.dhms_expensespent.Deactivate" />
    <HideCustomAction HideActionId="dhms.Mscrm.SubGrid.dhms_expensespent.Delete.Hide" Location="Mscrm.SubGrid.dhms_expensespent.Delete" />
    <HideCustomAction HideActionId="dhms.Mscrm.SubGrid.dhms_expensespent.DocumentTemplate.Hide" Location="Mscrm.SubGrid.dhms_expensespent.DocumentTemplate" />
    <HideCustomAction HideActionId="dhms.Mscrm.SubGrid.dhms_expensespent.Edit.Hide" Location="Mscrm.SubGrid.dhms_expensespent.Edit" />
    <HideCustomAction HideActionId="dhms.Mscrm.SubGrid.dhms_expensespent.ExportSelectedToExcel.Hide" Location="Mscrm.SubGrid.dhms_expensespent.ExportSelectedToExcel" />
    <HideCustomAction HideActionId="dhms.Mscrm.SubGrid.dhms_expensespent.ExportToExcel.Hide" Location="Mscrm.SubGrid.dhms_expensespent.ExportToExcel" />
    <HideCustomAction HideActionId="dhms.Mscrm.SubGrid.dhms_expensespent.Flows.RefreshCommandBar.Hide" Location="Mscrm.SubGrid.dhms_expensespent.Flows.RefreshCommandBar" />
    <HideCustomAction HideActionId="dhms.Mscrm.SubGrid.dhms_expensespent.OpenAssociatedGridViewStandard.Hide" Location="Mscrm.SubGrid.dhms_expensespent.OpenAssociatedGridViewStandard" />
    <HideCustomAction HideActionId="dhms.Mscrm.SubGrid.dhms_expensespent.RefreshButton.Hide" Location="Mscrm.SubGrid.dhms_expensespent.RefreshButton" />
    <HideCustomAction HideActionId="dhms.Mscrm.SubGrid.dhms_expensespent.Remove.Hide" Location="Mscrm.SubGrid.dhms_expensespent.Remove" />
    <HideCustomAction HideActionId="dhms.Mscrm.SubGrid.dhms_expensespent.RunReport.Hide" Location="Mscrm.SubGrid.dhms_expensespent.RunReport" />
    <HideCustomAction HideActionId="dhms.Mscrm.SubGrid.dhms_expensespent.SendSelected.Hide" Location="Mscrm.SubGrid.dhms_expensespent.SendSelected" />
    <HideCustomAction HideActionId="dhms.Mscrm.SubGrid.dhms_expensespent.Sharing.Hide" Location="Mscrm.SubGrid.dhms_expensespent.Sharing" />
    <HideCustomAction HideActionId="dhms.Mscrm.SubGrid.dhms_expensespent.WordTemplate.Hide" Location="Mscrm.SubGrid.dhms_expensespent.WordTemplate" />
  </CustomActions>
  <Templates>
    <RibbonTemplates Id="Mscrm.Templates"></RibbonTemplates>
  </Templates>
  <CommandDefinitions />
  <RuleDefinitions>
    <TabDisplayRules />
    <DisplayRules />
    <EnableRules />
  </RuleDefinitions>
  <LocLabels />
</RibbonDiffXml>