﻿<?xml version="1.0" encoding="utf-8"?>
<forms xmlns:xsi="http://www.w3.org/2001/XMLSchema-instance">
  <systemform>
    <formid>{d40e5217-8865-ef11-bfe3-001dd8083a32}</formid>
    <IntroducedVersion>1.0.0.0</IntroducedVersion>
    <FormPresentation>1</FormPresentation>
    <FormActivationState>1</FormActivationState>
    <form>
      <tabs>
        <tab id="F931FFE2-B873-473F-8F95-9502F0AA3F5E" name="tab_1" showlabel="false" labelid="{279caeb0-44f4-4536-b1ef-a3061dc96c10}">
          <labels>
            <label description="New Tab" languagecode="1033" />
          </labels>
          <columns>
            <column width="34%">
              <sections>
                <section id="0C655D4E-C6E3-424E-9AF5-71E72D30D12E" name="tab_Contract_Quick_Create" columns="1" showlabel="false" showbar="false" IsUserDefined="0" labelwidth="130" labelid="{5eb9e699-f0ef-42fe-9a6b-408d209ca479}">
                  <labels>
                    <label description="Contract Section" languagecode="1033" />
                  </labels>
                  <rows>
                    <row>
                      <cell id="542FBFBE-0E4C-496C-8012-555DE6581923" labelid="{d1e3b27c-cd49-417f-8eaf-6769fa47a2c7}">
                        <labels>
                          <label description="" languagecode="1033" />
                        </labels>
                      </cell>
                    </row>
                    <row>
                      <cell id="{b557ea15-5839-4c90-a592-3d41daee9a29}" locklevel="0" colspan="1" rowspan="1">
                        <labels>
                          <label description="Contract For" languagecode="1033" />
                        </labels>
                        <control id="dhms_contractfor" classid="{F9A8A302-114E-466A-B582-6771B2AE0D92}" datafieldname="dhms_contractfor" disabled="false" uniqueid="{ad5ec04b-bbe2-40b6-8107-652335d1f5cb}" />
                      </cell>
                    </row>
                    <row>
                      <cell id="{2a51f785-b3bf-40d3-9a70-310dc57e407d}" locklevel="0" colspan="1" rowspan="3">
                        <labels>
                          <label description="Contract Details" languagecode="1033" />
                        </labels>
                        <control id="dhms_contractinfo" classid="{E0DECE4B-6FC8-4A8F-A065-082708572369}" datafieldname="dhms_contractinfo" disabled="false" />
                      </cell>
                    </row>
                    <row />
                    <row />
                    <row>
                      <cell id="{d74fc5f5-e8f1-4f72-a554-24f3a7d1fbd2}" locklevel="0" colspan="1" rowspan="1" labelid="{3be2d5d5-c24e-4dcc-a88c-e4fc50edf571}">
                        <labels>
                          <label description="ROE Amount Granted" languagecode="1033" />
                        </labels>
                        <control id="dhms_roeamountgranted" classid="{533B9E00-756B-4312-95A0-DC888637AC78}" datafieldname="dhms_roeamountgranted" disabled="false" />
                      </cell>
                    </row>
                    <row>
                      <cell id="{a003adc5-4d76-4ea7-bf21-bb8fd05bec03}" locklevel="0" colspan="1" rowspan="1" labelid="{65828a0f-b6e1-4d7b-ada4-87d1e5041bee}">
                        <labels>
                          <label description="ROE Amount Spent" languagecode="1033" />
                        </labels>
                        <control id="dhms_roeamountspent" classid="{533B9E00-756B-4312-95A0-DC888637AC78}" datafieldname="dhms_roeamountspent" disabled="false" />
                      </cell>
                    </row>
                    <row>
                      <cell id="{05594c34-3a89-4fe7-be0d-ac98ab090f67}" locklevel="0" colspan="1" rowspan="4">
                        <labels>
                          <label description="Contract Comments" languagecode="1033" />
                        </labels>
                        <control id="dhms_contractcomments" classid="{E0DECE4B-6FC8-4A8F-A065-082708572369}" datafieldname="dhms_contractcomments" disabled="false" />
                      </cell>
                    </row>
                    <row />
                    <row />
                    <row />
                  </rows>
                </section>
              </sections>
            </column>
            <column width="33%">
              <sections>
                <section id="02DECBA0-3AE2-484D-A19F-C5353AF4F4F2" name="tab_1_column_2_section_1" columns="1" showlabel="true" showbar="false" IsUserDefined="0" labelwidth="130" visible="false" labelid="{b5637ece-a2e1-4ac7-9fc5-3d3b9cd88ab5}">
                  <labels>
                    <label description="New Section" languagecode="1033" />
                  </labels>
                  <rows>
                    <row>
                      <cell id="266FE48D-4D04-4E9A-8C5A-7DEF9A2F059B" labelid="{6cb575ec-56c9-4b55-a982-48a21057d677}">
                        <labels>
                          <label description="" languagecode="1033" />
                        </labels>
                      </cell>
                    </row>
                  </rows>
                </section>
              </sections>
            </column>
            <column width="33%">
              <sections>
                <section id="46FD66EA-B686-41D9-AAE0-C565BD78EC1F" name="tab_1_column_3_section_1" columns="1" showlabel="true" showbar="false" IsUserDefined="0" labelwidth="130" visible="false" labelid="{85eb40bf-6082-41e3-9579-9b25b19216a4}">
                  <labels>
                    <label description="New Section" languagecode="1033" />
                  </labels>
                  <rows>
                    <row>
                      <cell id="07C04A4E-A482-45CC-BAB7-7FCA3CD02938" labelid="{a55912e0-9fdb-4b48-9a5f-a1eb54c81854}">
                        <labels>
                          <label description="" languagecode="1033" />
                        </labels>
                      </cell>
                    </row>
                  </rows>
                </section>
              </sections>
            </column>
          </columns>
        </tab>
      </tabs>
      <DisplayConditions Order="0" FallbackForm="true">
        <Role Id="{627090ff-40a3-4053-8790-584edc5be201}" />
        <Role Id="{119f245c-3cc8-4b62-b31c-d1a046ced15d}" />
        <Role Id="{17a39e7b-545d-45f8-b2dc-562bf3aa3ae0}" />
      </DisplayConditions>
      <controlDescriptions>
        <controlDescription forControl="{ad5ec04b-bbe2-40b6-8107-652335d1f5cb}">
          <customControl id="{3EF39988-22BB-4F0B-BBBE-64B5A3748AEE}">
            <parameters>
              <datafieldname>dhms_contractfor</datafieldname>
            </parameters>
          </customControl>
          <customControl formFactor="0" name="MscrmControls.OptionSet.OptionSetControl">
            <parameters>
              <value type="OptionSet">dhms_contractfor</value>
            </parameters>
          </customControl>
          <customControl formFactor="2" name="MscrmControls.OptionSet.OptionSetControl">
            <parameters>
              <value type="OptionSet">dhms_contractfor</value>
            </parameters>
          </customControl>
          <customControl formFactor="1" name="MscrmControls.OptionSet.OptionSetControl">
            <parameters>
              <value type="OptionSet">dhms_contractfor</value>
            </parameters>
          </customControl>
        </controlDescription>
      </controlDescriptions>
    </form>
    <IsCustomizable>1</IsCustomizable>
    <CanBeDeleted>1</CanBeDeleted>
    <LocalizedNames>
      <LocalizedName description="Contract Quick Create Form" languagecode="1033" />
    </LocalizedNames>
  </systemform>
</forms>