﻿<?xml version="1.0" encoding="utf-8"?>
<RibbonDiffXml xmlns:xsi="http://www.w3.org/2001/XMLSchema-instance">
  <CustomActions>
    <HideCustomAction HideActionId="dhms.AccessChecker.OpenDialog.dhms_initiativetracker.Button.Hide" Location="AccessChecker.OpenDialog.dhms_initiativetracker.Button" />
    <HideCustomAction HideActionId="dhms.AIBuilder.dhms_initiativetracker.Flyout.Dummy.Hide" Location="AIBuilder.dhms_initiativetracker.Flyout.Dummy" />
    <HideCustomAction HideActionId="dhms.AIBuilder.dhms_initiativetracker.Flyout.Hide" Location="AIBuilder.dhms_initiativetracker.Flyout" />
    <HideCustomAction HideActionId="dhms.Mscrm.Form.dhms_initiativetracker.Activate.Hide" Location="Mscrm.Form.dhms_initiativetracker.Activate" />
    <HideCustomAction HideActionId="dhms.Mscrm.Form.dhms_initiativetracker.AddConnection.Hide" Location="Mscrm.Form.dhms_initiativetracker.AddConnection" />
    <HideCustomAction HideActionId="dhms.Mscrm.Form.dhms_initiativetracker.Assign.Hide" Location="Mscrm.Form.dhms_initiativetracker.Assign" />
    <HideCustomAction HideActionId="dhms.Mscrm.Form.dhms_initiativetracker.Deactivate.Hide" Location="Mscrm.Form.dhms_initiativetracker.Deactivate" />
    <HideCustomAction HideActionId="dhms.Mscrm.Form.dhms_initiativetracker.Delete.Hide" Location="Mscrm.Form.dhms_initiativetracker.Delete" />
    <HideCustomAction HideActionId="dhms.Mscrm.Form.dhms_initiativetracker.Flows.RefreshCommandBar.Flows.Hide" Location="Mscrm.Form.dhms_initiativetracker.Flows.RefreshCommandBar.Flows" />
    <HideCustomAction HideActionId="dhms.Mscrm.Form.dhms_initiativetracker.Flows.RefreshCommandBar.Hide" Location="Mscrm.Form.dhms_initiativetracker.Flows.RefreshCommandBar" />
    <HideCustomAction HideActionId="dhms.Mscrm.Form.dhms_initiativetracker.OpenActiveStage.Hide" Location="Mscrm.Form.dhms_initiativetracker.OpenActiveStage" />
    <HideCustomAction HideActionId="dhms.Mscrm.Form.dhms_initiativetracker.Permissions.Grant.Hide" Location="Mscrm.Form.dhms_initiativetracker.Permissions.Grant" />
    <HideCustomAction HideActionId="dhms.Mscrm.Form.dhms_initiativetracker.Permissions.Sharing.Hide" Location="Mscrm.Form.dhms_initiativetracker.Permissions.Sharing" />
    <HideCustomAction HideActionId="dhms.Mscrm.Form.dhms_initiativetracker.RefreshModernButton.Hide" Location="Mscrm.Form.dhms_initiativetracker.RefreshModernButton" />
    <HideCustomAction HideActionId="dhms.Mscrm.Form.dhms_initiativetracker.Reports.Hide" Location="Mscrm.Form.dhms_initiativetracker.Reports" />
    <HideCustomAction HideActionId="dhms.Mscrm.Form.dhms_initiativetracker.WordTemplate.Hide" Location="Mscrm.Form.dhms_initiativetracker.WordTemplate" />
    <HideCustomAction HideActionId="dhms.Mscrm.HomepageGrid.dhms_initiativetracker.Activate.Hide" Location="Mscrm.HomepageGrid.dhms_initiativetracker.Activate" />
    <HideCustomAction HideActionId="dhms.Mscrm.HomepageGrid.dhms_initiativetracker.AddConnection.Hide" Location="Mscrm.HomepageGrid.dhms_initiativetracker.AddConnection" />
    <HideCustomAction HideActionId="dhms.Mscrm.HomepageGrid.dhms_initiativetracker.AddToQueue.Hide" Location="Mscrm.HomepageGrid.dhms_initiativetracker.AddToQueue" />
    <HideCustomAction HideActionId="dhms.Mscrm.HomepageGrid.dhms_initiativetracker.Assign.Hide" Location="Mscrm.HomepageGrid.dhms_initiativetracker.Assign" />
    <HideCustomAction HideActionId="dhms.Mscrm.HomepageGrid.dhms_initiativetracker.ChangeDataSetControlButton.Hide" Location="Mscrm.HomepageGrid.dhms_initiativetracker.ChangeDataSetControlButton" />
    <HideCustomAction HideActionId="dhms.Mscrm.HomepageGrid.dhms_initiativetracker.Charts.Hide" Location="Mscrm.HomepageGrid.dhms_initiativetracker.Charts" />
    <HideCustomAction HideActionId="dhms.Mscrm.HomepageGrid.dhms_initiativetracker.Copy.Hide" Location="Mscrm.HomepageGrid.dhms_initiativetracker.Copy" />
    <HideCustomAction HideActionId="dhms.Mscrm.HomepageGrid.dhms_initiativetracker.Deactivate.Hide" Location="Mscrm.HomepageGrid.dhms_initiativetracker.Deactivate" />
    <HideCustomAction HideActionId="dhms.Mscrm.HomepageGrid.dhms_initiativetracker.DeleteMenu.Hide" Location="Mscrm.HomepageGrid.dhms_initiativetracker.DeleteMenu" />
    <HideCustomAction HideActionId="dhms.Mscrm.HomepageGrid.dhms_initiativetracker.DocumentTemplate.Hide" Location="Mscrm.HomepageGrid.dhms_initiativetracker.DocumentTemplate" />
    <HideCustomAction HideActionId="dhms.Mscrm.HomepageGrid.dhms_initiativetracker.Edit.Hide" Location="Mscrm.HomepageGrid.dhms_initiativetracker.Edit" />
    <HideCustomAction HideActionId="dhms.Mscrm.HomepageGrid.dhms_initiativetracker.Flows.RefreshCommandBar.Flows.Hide" Location="Mscrm.HomepageGrid.dhms_initiativetracker.Flows.RefreshCommandBar.Flows" />
    <HideCustomAction HideActionId="dhms.Mscrm.HomepageGrid.dhms_initiativetracker.Flows.RefreshCommandBar.Hide" Location="Mscrm.HomepageGrid.dhms_initiativetracker.Flows.RefreshCommandBar" />
    <HideCustomAction HideActionId="dhms.Mscrm.HomepageGrid.dhms_initiativetracker.Import.Hide" Location="Mscrm.HomepageGrid.dhms_initiativetracker.Import" />
    <HideCustomAction HideActionId="dhms.Mscrm.HomepageGrid.dhms_initiativetracker.ImportDataFromExcel.Hide" Location="Mscrm.HomepageGrid.dhms_initiativetracker.ImportDataFromExcel" />
    <HideCustomAction HideActionId="dhms.Mscrm.HomepageGrid.dhms_initiativetracker.MainFilters.Hide" Location="Mscrm.HomepageGrid.dhms_initiativetracker.MainFilters" />
    <HideCustomAction HideActionId="dhms.Mscrm.HomepageGrid.dhms_initiativetracker.MainTab.QuickPowerBI.Button.Hide" Location="Mscrm.HomepageGrid.dhms_initiativetracker.MainTab.QuickPowerBI.Button" />
    <HideCustomAction HideActionId="dhms.Mscrm.HomepageGrid.dhms_initiativetracker.NavigateToHomepageGrid.Hide" Location="Mscrm.HomepageGrid.dhms_initiativetracker.NavigateToHomepageGrid" />
    <HideCustomAction HideActionId="dhms.Mscrm.HomepageGrid.dhms_initiativetracker.OpenActiveStage.Hide" Location="Mscrm.HomepageGrid.dhms_initiativetracker.OpenActiveStage" />
    <HideCustomAction HideActionId="dhms.Mscrm.HomepageGrid.dhms_initiativetracker.OpenRecordInSidePane.Hide" Location="Mscrm.HomepageGrid.dhms_initiativetracker.OpenRecordInSidePane" />
    <HideCustomAction HideActionId="dhms.Mscrm.HomepageGrid.dhms_initiativetracker.RefreshButton.Hide" Location="Mscrm.HomepageGrid.dhms_initiativetracker.RefreshButton" />
    <HideCustomAction HideActionId="dhms.Mscrm.HomepageGrid.dhms_initiativetracker.RefreshModernButton.Hide" Location="Mscrm.HomepageGrid.dhms_initiativetracker.RefreshModernButton" />
    <HideCustomAction HideActionId="dhms.Mscrm.HomepageGrid.dhms_initiativetracker.RunReport.Hide" Location="Mscrm.HomepageGrid.dhms_initiativetracker.RunReport" />
    <HideCustomAction HideActionId="dhms.Mscrm.HomepageGrid.dhms_initiativetracker.RunScript.Hide" Location="Mscrm.HomepageGrid.dhms_initiativetracker.RunScript" />
    <HideCustomAction HideActionId="dhms.Mscrm.HomepageGrid.dhms_initiativetracker.RunWorkflow.Hide" Location="Mscrm.HomepageGrid.dhms_initiativetracker.RunWorkflow" />
    <HideCustomAction HideActionId="dhms.Mscrm.HomepageGrid.dhms_initiativetracker.Send.Hide" Location="Mscrm.HomepageGrid.dhms_initiativetracker.Send" />
    <HideCustomAction HideActionId="dhms.Mscrm.HomepageGrid.dhms_initiativetracker.Sharing.Hide" Location="Mscrm.HomepageGrid.dhms_initiativetracker.Sharing" />
    <HideCustomAction HideActionId="dhms.Mscrm.HomepageGrid.dhms_initiativetracker.ViewHierarchy.Hide" Location="Mscrm.HomepageGrid.dhms_initiativetracker.ViewHierarchy" />
    <HideCustomAction HideActionId="dhms.Mscrm.HomepageGrid.dhms_initiativetracker.WordTemplate.Hide" Location="Mscrm.HomepageGrid.dhms_initiativetracker.WordTemplate" />
    <HideCustomAction HideActionId="dhms.Mscrm.SubGrid.dhms_initiativetracker.OpenAssociatedGridViewStandard.Hide" Location="Mscrm.SubGrid.dhms_initiativetracker.OpenAssociatedGridViewStandard" />
  </CustomActions>
  <Templates>
    <RibbonTemplates Id="Mscrm.Templates"></RibbonTemplates>
  </Templates>
  <CommandDefinitions />
  <RuleDefinitions>
    <TabDisplayRules />
    <DisplayRules />
    <EnableRules />
  </RuleDefinitions>
  <LocLabels />
</RibbonDiffXml>