<environmentvariabledefinition schemaname="dhms_OptionSetURL">
  <defaultvalue>https://mhas-powerappenv-dev.crm9.dynamics.com/</defaultvalue>
  <description default="Option Set URL">
    <label description="Option Set URL" languagecode="1033" />
  </description>
  <displayname default="Option Set URL">
    <label description="Option Set URL" languagecode="1033" />
  </displayname>
  <introducedversion>1.0.0.0</introducedversion>
  <iscustomizable>1</iscustomizable>
  <isrequired>0</isrequired>
  <secretstore>0</secretstore>
  <type>100000000</type>
</environmentvariabledefinition>